,Expected,Expected,Expected,Expected,Per 90 Minutes,Per 90 Minutes,Per 90 Minutes,Per 90 Minutes,Per 90 Minutes,Per 90 Minutes,Per 90 Minutes,Per 90 Minutes,Per 90 Minutes,Per 90 Minutes,Performance,Performance,Performance,Performance,Performance,Performance,Performance,Performance,Playing Time,Playing Time,Playing Time,Playing Time,Progression,Progression,Unnamed: 0_level_0,Unnamed: 1_level_0,Unnamed: 2_level_0,Unnamed: 3_level_0,season
,npxG,npxG+xAG,xAG,xG,Ast,G+A,G+A-PK,G-PK,Gls,npxG,npxG+xAG,xAG,xG,xG+xAG,Ast,CrdR,CrdY,G+A,G-PK,Gls,PK,PKatt,90s,MP,Min,Starts,PrgC,PrgP,Squad,# Pl,Age,Poss,
0,16.5,29.3,12.7,21.0,1.17,3.25,2.75,1.58,2.08,1.38,2.44,1.06,1.75,2.81,14,2.0,18.0,39,19,25,6,6,12.0,12,1080,132,245.0,630.0,Arsenal,23,25.2,60.7,2023-2024
1,21.2,37.9,16.7,23.5,1.5,3.67,3.42,1.92,2.17,1.77,3.16,1.39,1.96,3.35,18,0.0,28.0,44,23,26,3,3,12.0,12,1080,132,254.0,496.0,Aston Villa,23,27.1,53.8,2023-2024
2,13.8,23.1,9.3,13.8,0.5,1.42,1.42,0.92,0.92,1.15,1.93,0.77,1.15,1.93,6,1.0,20.0,17,11,11,0,0,12.0,12,1080,132,197.0,352.0,Bournemouth,25,25.7,42.9,2023-2024
3,20.8,37.5,16.7,22.1,1.08,2.58,2.42,1.33,1.5,1.73,3.12,1.39,1.84,3.23,13,0.0,30.0,31,16,18,2,2,12.0,12,1080,132,172.0,456.0,Brentford,25,26.6,47.7,2023-2024
4,20.0,36.5,16.5,20.8,1.5,3.42,3.33,1.83,1.92,1.67,3.04,1.38,1.73,3.11,18,1.0,30.0,41,22,23,1,1,12.0,12,1080,132,284.0,546.0,Brighton,25,27.2,61.4,2023-2024
5,9.9,17.9,8.0,9.9,0.67,1.42,1.42,0.75,0.75,0.83,1.49,0.67,0.83,1.49,8,3.0,25.0,17,9,9,0,0,12.0,12,1080,132,204.0,343.0,Burnley,25,25.1,49.9,2023-2024
6,21.3,37.3,16.0,25.2,1.0,2.67,2.33,1.33,1.67,1.78,3.11,1.33,2.1,3.44,12,1.0,40.0,32,16,20,4,5,12.0,12,1080,132,302.0,529.0,Chelsea,23,25.2,60.3,2023-2024
7,13.4,25.0,11.6,14.2,0.83,1.83,1.75,0.92,1.0,1.12,2.08,0.97,1.18,2.15,10,0.0,22.0,22,11,12,1,1,12.0,12,1080,132,167.0,374.0,Crystal Palace,22,27.8,43.7,2023-2024
8,17.9,31.0,13.1,17.9,0.58,1.75,1.75,1.17,1.17,1.49,2.59,1.09,1.49,2.59,7,1.0,25.0,21,14,14,0,0,12.0,12,1080,132,174.0,329.0,Everton,23,27.5,40.0,2023-2024
9,12.4,21.3,8.9,12.4,0.33,1.08,1.08,0.75,0.75,1.03,1.77,0.75,1.03,1.77,4,2.0,35.0,13,9,9,0,0,12.0,12,1080,132,194.0,417.0,Fulham,23,29.4,48.7,2023-2024
10,23.2,42.2,19.0,26.5,1.42,3.5,3.25,1.83,2.08,1.93,3.52,1.58,2.21,3.79,17,4.0,22.0,42,22,25,3,4,12.0,12,1080,132,277.0,632.0,Liverpool,22,27.3,58.5,2023-2024
11,11.3,19.8,8.5,12.9,0.42,1.17,1.0,0.58,0.75,0.95,1.65,0.71,1.07,1.78,5,0.0,20.0,14,7,9,2,2,12.0,12,1080,132,179.0,337.0,Luton Town,23,27.2,36.2,2023-2024
12,21.3,39.8,18.5,24.4,2.0,4.67,4.42,2.42,2.67,1.78,3.32,1.54,2.03,3.58,24,2.0,23.0,56,29,32,3,4,12.0,12,1080,132,340.0,608.0,Manchester City,25,26.8,62.5,2023-2024
13,16.7,30.6,13.9,17.5,0.83,1.92,1.83,1.0,1.08,1.39,2.55,1.16,1.46,2.62,10,0.0,26.0,23,12,13,1,1,12.0,12,1080,132,249.0,578.0,Manchester Utd,25,27.3,54.3,2023-2024
14,21.0,35.9,14.9,23.4,1.42,3.67,3.42,2.0,2.25,1.75,2.99,1.24,1.95,3.19,17,0.0,33.0,44,24,27,3,3,12.0,12,1080,132,219.0,464.0,Newcastle Utd,25,28.1,53.1,2023-2024
15,13.2,22.6,9.4,13.2,1.0,2.17,2.17,1.17,1.17,1.1,1.88,0.78,1.1,1.88,12,2.0,34.0,26,14,14,0,0,12.0,12,1080,132,166.0,320.0,Nott'ham Forest,27,26.6,38.9,2023-2024
16,8.1,12.9,4.8,9.7,0.25,0.83,0.67,0.42,0.58,0.67,1.08,0.4,0.8,1.21,3,1.0,35.0,10,5,7,2,2,12.0,12,1080,132,98.0,282.0,Sheffield Utd,27,26.9,38.2,2023-2024
17,19.2,35.6,16.4,19.2,1.58,3.33,3.33,1.75,1.75,1.6,2.96,1.36,1.6,2.96,19,3.0,38.0,40,21,21,0,0,12.0,12,1080,132,305.0,639.0,Tottenham,24,25.5,59.5,2023-2024
18,16.8,29.9,13.1,17.6,1.42,3.17,3.08,1.67,1.75,1.4,2.49,1.09,1.47,2.56,17,1.0,32.0,38,20,21,1,1,12.0,12,1080,132,186.0,387.0,West Ham,20,28.9,42.1,2023-2024
19,16.4,29.2,12.8,16.4,1.17,2.42,2.42,1.25,1.25,1.37,2.43,1.07,1.37,2.43,14,3.0,41.0,29,15,15,0,0,12.0,12,1080,132,230.0,373.0,Wolves,21,27.0,47.8,2023-2024
20,69.1,122.9,53.8,71.9,1.68,3.89,3.82,2.13,2.21,1.82,3.23,1.41,1.89,3.31,64,0.0,51.0,148,81,84,3,4,38.0,38,3420,418,824.0,2049.0,Arsenal,26,24.7,59.3,2022-2023
21,47.2,86.0,38.8,50.2,0.92,2.21,2.13,1.21,1.29,1.24,2.26,1.02,1.32,2.34,35,1.0,80.0,84,46,49,3,4,38.0,38,3420,418,637.0,1242.0,Aston Villa,26,27.0,49.3,2022-2023
22,38.6,67.1,28.5,38.6,0.63,1.61,1.61,0.97,0.97,1.02,1.76,0.75,1.02,1.76,24,0.0,68.0,61,37,37,0,0,38.0,38,3420,418,504.0,1006.0,Bournemouth,31,26.3,40.4,2022-2023
23,50.6,89.2,38.7,56.8,0.95,2.42,2.24,1.29,1.47,1.33,2.35,1.02,1.49,2.51,36,1.0,57.0,92,49,56,7,8,38.0,38,3420,418,392.0,1131.0,Brentford,25,26.2,43.8,2022-2023
24,68.9,121.2,52.2,73.3,1.21,3.0,2.84,1.63,1.79,1.81,3.19,1.37,1.93,3.3,46,0.0,58.0,114,62,68,6,6,38.0,38,3420,418,809.0,1849.0,Brighton,29,26.3,60.2,2022-2023
25,47.2,85.8,38.6,49.5,0.71,1.68,1.61,0.89,0.97,1.24,2.26,1.02,1.3,2.32,27,3.0,81.0,64,34,37,3,3,38.0,38,3420,418,829.0,1737.0,Chelsea,32,26.3,58.7,2022-2023
26,36.8,65.8,29.0,39.3,0.76,1.76,1.74,0.97,1.0,0.97,1.73,0.76,1.03,1.8,29,3.0,82.0,67,37,38,1,3,38.0,38,3420,418,556.0,1243.0,Crystal Palace,26,26.7,46.3,2022-2023
27,42.8,75.1,32.4,45.2,0.63,1.47,1.39,0.76,0.84,1.13,1.98,0.85,1.19,2.04,24,2.0,81.0,56,29,32,3,3,38.0,38,3420,418,500.0,1052.0,Everton,28,26.6,42.8,2022-2023
28,39.1,67.7,28.5,46.2,0.87,2.24,2.11,1.24,1.37,1.03,1.78,0.75,1.22,1.97,33,1.0,80.0,85,47,52,5,9,38.0,38,3420,418,662.0,1326.0,Fulham,29,28.2,48.8,2022-2023
29,45.0,76.9,31.9,47.4,0.82,2.0,1.97,1.16,1.18,1.18,2.02,0.84,1.25,2.09,31,3.0,89.0,76,44,45,1,3,38.0,38,3420,418,555.0,1429.0,Leeds United,29,25.3,47.0,2022-2023
30,45.8,84.2,38.5,50.6,0.95,2.24,2.16,1.21,1.29,1.2,2.22,1.01,1.33,2.34,36,2.0,63.0,85,46,49,3,6,38.0,38,3420,418,580.0,1304.0,Leicester City,28,26.1,47.7,2022-2023
31,69.5,126.1,56.7,72.6,1.53,3.39,3.34,1.82,1.87,1.83,3.32,1.49,1.91,3.4,58,1.0,57.0,129,69,71,2,4,38.0,38,3420,418,719.0,1992.0,Liverpool,28,27.4,60.8,2022-2023
32,71.1,128.6,57.5,78.6,1.82,4.24,4.0,2.18,2.42,1.87,3.38,1.51,2.07,3.58,69,1.0,44.0,161,83,92,9,10,38.0,38,3420,418,987.0,2073.0,Manchester City,24,27.2,64.7,2022-2023
33,65.3,117.5,52.2,67.7,1.11,2.58,2.5,1.39,1.47,1.72,3.09,1.37,1.78,3.15,42,2.0,78.0,98,53,56,3,3,38.0,38,3420,418,711.0,1595.0,Manchester Utd,26,26.9,53.7,2022-2023
34,67.4,119.3,51.9,72.0,1.11,2.79,2.63,1.53,1.68,1.77,3.14,1.37,1.89,3.26,42,1.0,61.0,106,58,64,6,6,38.0,38,3420,418,694.0,1618.0,Newcastle Utd,27,27.3,52.3,2022-2023
35,34.6,61.0,26.3,39.3,0.58,1.53,1.45,0.87,0.95,0.91,1.6,0.69,1.03,1.73,22,0.0,84.0,58,33,36,3,6,38.0,38,3420,418,435.0,859.0,Nott'ham Forest,33,26.5,37.6,2022-2023
36,34.5,62.7,28.2,37.7,0.66,1.61,1.55,0.89,0.95,0.91,1.65,0.74,0.99,1.73,25,0.0,73.0,61,34,36,2,4,38.0,38,3420,418,588.0,1125.0,Southampton,36,24.7,44.5,2022-2023
37,52.4,95.5,43.1,57.1,1.21,3.0,2.87,1.66,1.79,1.38,2.51,1.13,1.5,2.64,46,3.0,77.0,114,63,68,5,6,38.0,38,3420,418,692.0,1449.0,Tottenham,29,27.6,50.0,2022-2023
38,43.7,76.4,32.7,49.2,0.66,1.74,1.58,0.92,1.08,1.15,2.01,0.86,1.29,2.15,25,0.0,44.0,66,35,41,6,8,38.0,38,3420,418,614.0,1274.0,West Ham,25,28.2,42.1,2022-2023
39,34.5,59.9,25.4,36.8,0.32,1.05,0.97,0.66,0.74,0.91,1.58,0.67,0.97,1.64,12,6.0,85.0,40,25,28,3,3,38.0,38,3420,418,610.0,1343.0,Wolves,32,26.7,49.9,2022-2023
40,55.1,95.4,40.2,60.5,1.08,2.66,2.53,1.45,1.58,1.45,2.51,1.06,1.59,2.65,41,4.0,67.0,101,55,60,5,8,38.0,38,3420,418,734.0,1655.0,Arsenal,27,24.4,52.8,2021-2022
41,42.0,76.8,34.8,44.0,1.11,2.42,2.34,1.24,1.32,1.1,2.02,0.92,1.16,2.08,42,2.0,81.0,92,47,50,3,3,38.0,38,3420,418,653.0,1300.0,Aston Villa,31,26.1,46.5,2021-2022
42,41.1,74.1,33.0,45.8,0.87,2.08,1.92,1.05,1.21,1.08,1.95,0.87,1.21,2.07,33,3.0,65.0,79,40,46,6,6,38.0,38,3420,418,450.0,1189.0,Brentford,29,25.4,44.8,2021-2022
43,40.7,72.9,32.3,46.2,0.79,1.84,1.74,0.95,1.05,1.07,1.92,0.85,1.21,2.06,30,2.0,72.0,70,36,40,4,7,38.0,38,3420,418,676.0,1547.0,Brighton,26,26.2,54.4,2021-2022
44,38.1,69.3,31.2,39.7,0.68,1.53,1.5,0.82,0.84,1.0,1.82,0.82,1.05,1.87,26,2.0,68.0,58,31,32,1,2,38.0,38,3420,418,388.0,972.0,Burnley,23,28.5,40.2,2021-2022
45,56.6,101.5,44.9,63.4,1.37,3.34,3.13,1.76,1.97,1.49,2.67,1.18,1.67,2.85,52,1.0,63.0,127,67,75,8,9,38.0,38,3420,418,894.0,1967.0,Chelsea,26,27.4,61.8,2021-2022
46,40.1,71.1,31.0,46.4,0.82,2.13,1.97,1.16,1.32,1.06,1.87,0.82,1.22,2.04,31,1.0,69.0,81,44,50,6,8,38.0,38,3420,418,592.0,1229.0,Crystal Palace,24,27.1,51.1,2021-2022
47,35.8,64.3,28.5,41.2,0.76,1.87,1.71,0.95,1.11,0.94,1.69,0.75,1.09,1.83,29,6.0,82.0,71,36,42,6,7,38.0,38,3420,418,512.0,1100.0,Everton,33,26.7,40.0,2021-2022
48,40.4,71.8,31.3,44.4,0.68,1.79,1.66,0.97,1.11,1.06,1.89,0.82,1.17,1.99,26,3.0,101.0,68,37,42,5,5,38.0,38,3420,418,671.0,1483.0,Leeds United,29,26.1,52.3,2021-2022
49,46.2,80.4,34.2,47.8,1.21,2.84,2.79,1.58,1.63,1.22,2.12,0.9,1.26,2.16,46,1.0,55.0,108,60,62,2,2,38.0,38,3420,418,622.0,1356.0,Leicester City,28,26.5,52.0,2021-2022
50,82.7,146.2,63.5,88.7,1.87,4.34,4.16,2.29,2.47,2.18,3.85,1.67,2.33,4.0,71,1.0,50.0,165,87,94,7,8,38.0,38,3420,418,885.0,2243.0,Liverpool,27,27.7,62.7,2021-2022
51,81.4,146.9,65.5,88.7,1.66,4.18,4.0,2.34,2.53,2.14,3.87,1.72,2.33,4.06,63,1.0,42.0,159,89,96,7,9,38.0,38,3420,418,1145.0,2421.0,Manchester City,26,27.0,67.9,2021-2022
52,51.9,94.3,42.5,55.8,1.21,2.68,2.61,1.39,1.47,1.36,2.48,1.12,1.47,2.59,46,2.0,77.0,102,53,56,3,5,38.0,38,3420,418,784.0,1568.0,Manchester Utd,29,27.2,52.7,2021-2022
53,35.9,61.7,25.8,38.1,0.61,1.68,1.61,1.0,1.08,0.94,1.62,0.68,1.0,1.68,23,2.0,81.0,64,38,41,3,3,38.0,38,3420,418,544.0,923.0,Newcastle Utd,29,27.5,40.4,2021-2022
54,30.0,54.3,24.3,32.3,0.42,0.97,0.89,0.47,0.55,0.79,1.43,0.64,0.85,1.49,16,1.0,57.0,37,18,21,3,3,38.0,38,3420,418,566.0,1031.0,Norwich City,28,26.2,42.9,2021-2022
55,41.6,74.1,32.5,44.8,0.68,1.76,1.66,0.97,1.08,1.1,1.95,0.85,1.18,2.03,26,2.0,65.0,67,37,41,4,4,38.0,38,3420,418,728.0,1326.0,Southampton,25,25.7,47.7,2021-2022
56,57.3,104.4,47.0,61.2,1.32,2.97,2.84,1.53,1.66,1.51,2.75,1.24,1.61,2.85,50,1.0,69.0,113,58,63,5,5,38.0,38,3420,418,791.0,1459.0,Tottenham,25,26.5,51.8,2021-2022
57,38.4,70.9,32.5,40.0,0.68,1.55,1.53,0.84,0.87,1.01,1.87,0.86,1.05,1.91,26,3.0,63.0,59,32,33,1,2,38.0,38,3420,418,557.0,1070.0,Watford,30,28.4,40.7,2021-2022
58,46.8,84.2,37.4,51.4,1.21,2.74,2.63,1.42,1.53,1.23,2.22,0.99,1.35,2.34,46,3.0,52.0,104,54,58,4,6,38.0,38,3420,418,646.0,1449.0,West Ham,25,28.2,47.9,2021-2022
59,36.8,63.2,26.4,37.5,0.58,1.5,1.47,0.89,0.92,0.97,1.66,0.69,0.99,1.68,22,2.0,62.0,57,34,35,1,1,38.0,38,3420,418,723.0,1283.0,Wolves,26,27.3,49.5,2021-2022
60,47.0,82.1,35.1,51.8,1.0,2.39,2.24,1.24,1.39,1.24,2.16,0.92,1.36,2.29,38,5.0,49.0,91,47,53,6,6,38.0,38,3420,418,758.0,1760.0,Arsenal,29,25.9,53.5,2020-2021
61,47.9,85.3,37.4,52.5,1.0,2.37,2.24,1.24,1.37,1.26,2.25,0.98,1.38,2.37,38,4.0,71.0,90,47,52,5,6,38.0,38,3420,418,629.0,1420.0,Aston Villa,24,25.2,48.5,2020-2021
62,43.8,77.0,33.2,50.9,0.63,1.66,1.5,0.87,1.03,1.15,2.03,0.87,1.34,2.21,24,6.0,49.0,63,33,39,6,9,38.0,38,3420,418,685.0,1516.0,Brighton,27,25.8,51.1,2020-2021
63,36.9,64.6,27.7,39.3,0.53,1.37,1.29,0.76,0.84,0.97,1.7,0.73,1.03,1.76,20,0.0,48.0,52,29,32,3,3,38.0,38,3420,418,389.0,1012.0,Burnley,25,28.3,42.1,2020-2021
64,54.5,96.0,41.5,62.4,1.0,2.47,2.26,1.26,1.47,1.43,2.53,1.09,1.64,2.73,38,3.0,51.0,94,48,56,8,10,38.0,38,3420,418,895.0,1798.0,Chelsea,27,26.0,60.9,2020-2021
65,31.0,54.6,23.6,34.1,0.76,1.79,1.71,0.95,1.03,0.82,1.44,0.62,0.9,1.52,29,2.0,56.0,68,36,39,3,4,38.0,38,3420,418,526.0,1132.0,Crystal Palace,24,29.1,40.6,2020-2021
66,41.9,72.6,30.7,45.7,0.84,2.03,1.92,1.08,1.18,1.1,1.91,0.81,1.2,2.01,32,2.0,59.0,77,41,45,4,5,38.0,38,3420,418,604.0,1184.0,Everton,29,26.3,46.4,2020-2021
67,35.9,62.2,26.3,40.5,0.47,1.16,1.08,0.61,0.68,0.95,1.64,0.69,1.07,1.76,18,3.0,67.0,44,23,26,3,6,38.0,38,3420,418,727.0,1354.0,Fulham,28,25.2,49.7,2020-2021
68,52.5,94.3,41.9,55.6,1.18,2.76,2.66,1.47,1.58,1.38,2.48,1.1,1.46,2.57,45,1.0,61.0,105,56,60,4,4,38.0,38,3420,418,811.0,1633.0,Leeds United,23,26.1,57.3,2020-2021
69,46.3,80.1,33.7,55.8,1.18,2.87,2.61,1.42,1.68,1.22,2.11,0.89,1.47,2.36,45,0.0,61.0,109,54,64,10,12,38.0,38,3420,418,666.0,1464.0,Leicester City,27,26.5,54.3,2020-2021
70,62.9,111.2,48.3,67.5,1.13,2.84,2.68,1.55,1.71,1.66,2.93,1.27,1.78,3.05,43,0.0,40.0,108,59,65,6,6,38.0,38,3420,418,886.0,2057.0,Liverpool,28,26.8,62.1,2020-2021
71,61.2,106.6,45.4,68.2,1.45,3.61,3.47,2.03,2.16,1.61,2.81,1.19,1.8,2.99,55,2.0,46.0,137,77,82,5,9,38.0,38,3420,418,1096.0,2051.0,Manchester City,24,26.1,63.5,2020-2021
72,51.4,93.1,41.6,60.1,1.34,3.18,2.92,1.58,1.84,1.35,2.45,1.1,1.58,2.68,51,1.0,64.0,121,60,70,10,11,38.0,38,3420,418,877.0,1832.0,Manchester Utd,29,25.6,55.7,2020-2021
73,37.8,66.8,29.0,43.4,0.68,1.84,1.68,1.0,1.16,1.0,1.76,0.76,1.14,1.91,26,3.0,65.0,70,38,44,6,7,38.0,38,3420,418,467.0,903.0,Newcastle Utd,27,27.1,38.8,2020-2021
74,29.5,54.4,24.9,32.6,0.34,0.84,0.76,0.42,0.5,0.78,1.43,0.66,0.86,1.52,13,3.0,73.0,32,16,19,3,4,38.0,38,3420,418,491.0,1196.0,Sheffield Utd,27,26.7,41.7,2020-2021
75,36.6,62.5,25.8,41.2,0.87,2.11,1.97,1.11,1.24,0.96,1.64,0.68,1.09,1.77,33,3.0,52.0,80,42,47,5,6,38.0,38,3420,418,626.0,1195.0,Southampton,29,26.6,52.0,2020-2021
76,49.2,84.4,35.3,53.1,1.32,3.05,2.92,1.61,1.74,1.29,2.22,0.93,1.4,2.33,50,2.0,57.0,116,61,66,5,5,38.0,38,3420,418,633.0,1330.0,Tottenham,24,27.2,51.6,2020-2021
77,32.7,57.1,24.4,35.8,0.53,1.39,1.29,0.76,0.87,0.86,1.5,0.64,0.94,1.59,20,4.0,51.0,53,29,33,4,4,38.0,38,3420,418,441.0,1027.0,West Brom,30,26.4,37.9,2020-2021
78,52.1,91.7,39.6,55.4,1.21,2.79,2.74,1.53,1.58,1.37,2.41,1.04,1.46,2.5,46,3.0,50.0,106,58,60,2,4,38.0,38,3420,418,658.0,1282.0,West Ham,24,27.8,43.2,2020-2021
79,33.4,57.6,24.1,36.5,0.55,1.45,1.34,0.79,0.89,0.88,1.51,0.63,0.96,1.6,21,1.0,55.0,55,30,34,4,4,38.0,38,3420,418,800.0,1283.0,Wolves,27,26.3,49.3,2020-2021
80,44.6,76.1,31.4,47.0,0.92,2.39,2.32,1.39,1.47,1.17,2.0,0.83,1.24,2.06,35,5.0,88.0,91,53,56,3,3,38.0,38,3420,418,815.0,1641.0,Arsenal,29,25.8,53.8,2019-2020
81,41.8,76.0,34.2,44.3,0.84,1.89,1.87,1.03,1.05,1.1,2.0,0.9,1.16,2.06,32,1.0,70.0,72,39,40,1,3,38.0,38,3420,418,639.0,1247.0,Aston Villa,28,25.7,44.1,2019-2020
82,41.7,72.3,30.6,44.8,0.63,1.63,1.53,0.89,1.0,1.1,1.9,0.8,1.18,1.98,24,3.0,78.0,62,34,38,4,4,38.0,38,3420,418,601.0,1256.0,Bournemouth,27,25.2,44.1,2019-2020
83,43.8,75.4,31.6,45.4,0.63,1.55,1.53,0.89,0.92,1.15,1.99,0.83,1.2,2.03,24,2.0,59.0,59,34,35,1,2,38.0,38,3420,418,669.0,1675.0,Brighton,25,26.4,52.2,2019-2020
84,45.3,77.7,32.4,47.4,0.79,1.87,1.79,1.0,1.08,1.19,2.04,0.85,1.25,2.1,30,0.0,67.0,71,38,41,3,3,38.0,38,3420,418,437.0,890.0,Burnley,22,28.0,41.9,2019-2020
85,64.4,111.1,46.7,69.2,1.21,3.03,2.84,1.63,1.82,1.7,2.92,1.23,1.82,3.05,46,0.0,60.0,115,62,69,7,7,38.0,38,3420,418,983.0,1897.0,Chelsea,27,25.5,60.4,2019-2020
86,33.6,59.5,26.0,35.8,0.53,1.29,1.21,0.68,0.76,0.88,1.57,0.68,0.94,1.63,20,2.0,62.0,49,26,29,3,3,38.0,38,3420,418,596.0,1223.0,Crystal Palace,25,29.4,44.8,2019-2020
87,50.0,88.1,38.1,50.8,0.84,1.95,1.92,1.08,1.11,1.32,2.32,1.0,1.34,2.34,32,3.0,76.0,74,41,42,1,1,38.0,38,3420,418,623.0,1430.0,Everton,24,25.5,49.0,2019-2020
88,56.7,101.6,44.9,62.2,1.26,2.97,2.84,1.58,1.71,1.49,2.67,1.18,1.64,2.82,48,3.0,43.0,113,60,65,5,7,38.0,38,3420,418,739.0,1612.0,Leicester City,24,26.1,57.1,2019-2020
89,65.0,118.0,53.0,68.9,1.82,4.0,3.87,2.05,2.18,1.71,3.1,1.39,1.81,3.21,69,1.0,38.0,152,78,83,5,5,38.0,38,3420,418,967.0,1941.0,Liverpool,24,26.6,62.9,2019-2020
90,83.6,152.0,68.4,92.0,1.82,4.45,4.29,2.47,2.63,2.2,4.0,1.8,2.42,4.22,69,4.0,64.0,169,94,100,6,11,38.0,38,3420,418,1199.0,2460.0,Manchester City,24,26.9,66.2,2019-2020
91,51.2,89.7,38.5,62.2,1.13,2.84,2.58,1.45,1.71,1.35,2.36,1.01,1.64,2.65,43,0.0,73.0,108,55,65,10,14,38.0,38,3420,418,926.0,1788.0,Manchester Utd,29,24.8,55.8,2019-2020
92,34.8,61.7,26.9,35.5,0.76,1.76,1.76,1.0,1.0,0.91,1.62,0.71,0.94,1.64,29,3.0,66.0,67,38,38,0,1,38.0,38,3420,418,537.0,844.0,Newcastle Utd,28,26.5,39.0,2019-2020
93,35.4,62.8,27.4,37.0,0.47,1.13,1.08,0.61,0.66,0.93,1.65,0.72,0.97,1.69,18,3.0,68.0,43,23,25,2,2,38.0,38,3420,418,673.0,1169.0,Norwich City,30,26.0,49.3,2019-2020
94,42.2,76.3,34.0,43.0,0.66,1.61,1.58,0.92,0.95,1.11,2.01,0.9,1.13,2.03,25,2.0,63.0,61,35,36,1,1,38.0,38,3420,418,493.0,1352.0,Sheffield Utd,26,26.9,43.1,2019-2020
95,52.1,88.5,36.4,56.1,0.84,2.18,2.13,1.29,1.34,1.37,2.33,0.96,1.48,2.43,32,4.0,55.0,83,49,51,2,5,38.0,38,3420,418,628.0,1335.0,Southampton,25,25.9,48.9,2019-2020
96,44.7,77.3,32.6,47.9,1.03,2.5,2.42,1.39,1.47,1.18,2.03,0.86,1.26,2.12,39,3.0,84.0,95,53,56,3,4,38.0,38,3420,418,768.0,1410.0,Tottenham,29,26.7,52.0,2019-2020
97,42.6,74.0,31.4,48.9,0.55,1.47,1.29,0.74,0.92,1.12,1.95,0.83,1.29,2.11,21,3.0,80.0,56,28,35,7,8,38.0,38,3420,418,578.0,1168.0,Watford,26,28.9,42.9,2019-2020
98,45.4,82.2,36.7,48.6,0.95,2.24,2.13,1.18,1.29,1.2,2.16,0.97,1.28,2.24,36,1.0,64.0,85,45,49,4,4,38.0,38,3420,418,666.0,1377.0,West Ham,29,27.4,44.1,2019-2020
99,51.0,88.5,37.5,54.1,0.89,2.18,2.08,1.18,1.29,1.34,2.33,0.99,1.42,2.41,34,2.0,61.0,83,45,49,4,4,38.0,38,3420,418,858.0,1338.0,Wolves,21,26.6,48.3,2019-2020
100,56.0,102.7,46.7,60.1,1.37,3.18,3.08,1.71,1.82,1.47,2.7,1.23,1.58,2.81,52,2.0,73.0,121,65,69,4,5,38.0,38,3420,418,868.0,1874.0,Arsenal,28,26.7,58.1,2018-2019
101,46.2,85.0,38.8,53.3,1.13,2.58,2.39,1.26,1.45,1.22,2.24,1.02,1.4,2.42,43,1.0,60.0,98,48,55,7,9,38.0,38,3420,418,738.0,1435.0,Bournemouth,28,26.6,46.9,2018-2019
102,30.7,55.2,24.5,35.3,0.63,1.55,1.42,0.79,0.92,0.81,1.45,0.64,0.93,1.57,24,4.0,61.0,59,30,35,5,6,38.0,38,3420,418,475.0,1150.0,Brighton,21,27.4,42.4,2018-2019
103,42.8,74.0,31.2,44.4,0.84,1.97,1.92,1.08,1.13,1.13,1.95,0.82,1.17,1.99,32,1.0,75.0,75,41,43,2,2,38.0,38,3420,418,421.0,1032.0,Burnley,23,28.0,41.2,2018-2019
104,39.2,66.8,27.6,42.4,0.53,1.39,1.32,0.79,0.87,1.03,1.76,0.73,1.11,1.84,20,1.0,66.0,53,30,33,3,4,38.0,38,3420,418,434.0,918.0,Cardiff City,25,27.7,35.4,2018-2019
105,54.6,99.6,44.9,58.6,1.37,2.97,2.84,1.47,1.61,1.44,2.62,1.18,1.54,2.72,52,0.0,49.0,113,56,61,5,5,38.0,38,3420,418,1058.0,2155.0,Chelsea,24,27.3,62.9,2018-2019
106,39.2,68.7,29.5,47.6,0.87,2.13,1.87,1.0,1.26,1.03,1.81,0.78,1.25,2.03,33,2.0,58.0,81,38,48,10,11,38.0,38,3420,418,771.0,1458.0,Crystal Palace,26,27.4,45.2,2018-2019
107,45.7,79.4,33.7,49.7,0.89,2.29,2.24,1.34,1.39,1.2,2.09,0.89,1.31,2.19,34,4.0,56.0,87,51,53,2,5,38.0,38,3420,418,697.0,1581.0,Everton,23,25.7,51.5,2018-2019
108,39.0,69.0,30.0,41.3,0.63,1.5,1.45,0.82,0.87,1.03,1.82,0.79,1.09,1.88,24,2.0,70.0,57,31,33,2,3,38.0,38,3420,418,628.0,1487.0,Fulham,28,26.0,48.8,2018-2019
109,28.0,47.9,19.9,28.8,0.34,0.89,0.87,0.53,0.55,0.74,1.26,0.52,0.76,1.28,13,4.0,56.0,34,20,21,1,1,38.0,38,3420,418,601.0,1248.0,Huddersfield,31,26.2,47.2,2018-2019
110,47.3,84.9,37.6,52.4,0.89,2.16,2.03,1.13,1.26,1.24,2.23,0.99,1.38,2.37,34,5.0,60.0,82,43,48,5,7,38.0,38,3420,418,752.0,1537.0,Leicester City,25,25.9,50.9,2018-2019
111,68.4,118.2,49.8,73.7,1.45,3.71,3.53,2.08,2.26,1.8,3.11,1.31,1.94,3.25,55,2.0,39.0,141,79,86,7,7,38.0,38,3420,418,857.0,2008.0,Liverpool,23,26.1,61.8,2018-2019
112,81.3,146.7,65.5,84.3,1.87,4.26,4.18,2.32,2.39,2.14,3.86,1.72,2.22,3.94,71,1.0,44.0,162,88,91,3,4,38.0,38,3420,418,1325.0,2429.0,Manchester City,21,26.7,67.9,2018-2019
113,52.0,91.6,39.6,61.4,1.05,2.76,2.53,1.47,1.71,1.37,2.41,1.04,1.62,2.66,40,4.0,75.0,105,56,65,9,12,38.0,38,3420,418,801.0,1668.0,Manchester Utd,28,26.3,54.7,2018-2019
114,36.7,64.1,27.4,39.1,0.87,1.95,1.92,1.05,1.08,0.97,1.69,0.72,1.03,1.75,33,2.0,57.0,74,40,41,1,3,38.0,38,3420,418,467.0,985.0,Newcastle Utd,24,26.9,40.4,2018-2019
115,43.4,72.7,29.3,46.9,0.71,1.87,1.76,1.05,1.16,1.14,1.91,0.77,1.23,2.0,27,3.0,73.0,71,40,44,4,5,38.0,38,3420,418,603.0,1333.0,Southampton,30,25.4,43.4,2018-2019
116,51.8,90.9,39.1,54.9,1.24,2.97,2.87,1.63,1.74,1.36,2.39,1.03,1.44,2.47,47,3.0,57.0,113,62,66,4,4,38.0,38,3420,418,840.0,1744.0,Tottenham,28,26.8,59.0,2018-2019
117,47.5,82.3,34.8,48.2,1.03,2.37,2.34,1.32,1.34,1.25,2.17,0.92,1.27,2.19,39,4.0,79.0,90,50,51,1,1,38.0,38,3420,418,588.0,1294.0,Watford,25,28.5,46.7,2018-2019
118,43.8,77.9,34.1,47.6,0.87,2.21,2.08,1.21,1.34,1.15,2.05,0.9,1.25,2.15,33,1.0,59.0,84,46,51,5,5,38.0,38,3420,418,731.0,1478.0,West Ham,26,27.6,48.6,2018-2019
119,49.0,88.4,39.4,52.1,0.92,2.13,2.03,1.11,1.21,1.29,2.33,1.04,1.37,2.41,35,1.0,73.0,81,42,46,4,4,38.0,38,3420,418,743.0,1350.0,Wolves,21,26.1,46.8,2018-2019
120,64.3,117.6,53.3,68.3,1.61,3.53,3.42,1.82,1.92,1.69,3.1,1.4,1.8,3.2,61,,,134,69,73,4,5,38.0,38,3420,418,915.0,2223.0,Arsenal,30,26.8,61.4,2017-2018
121,36.4,65.5,29.1,38.8,0.95,2.13,2.05,1.11,1.18,0.96,1.72,0.77,1.02,1.79,36,,,81,42,45,3,3,38.0,38,3420,418,702.0,1526.0,Bournemouth,22,26.9,48.1,2017-2018
122,31.8,58.0,26.2,37.0,0.66,1.53,1.39,0.74,0.87,0.84,1.53,0.69,0.97,1.66,25,,,58,28,33,5,7,38.0,38,3420,418,523.0,1230.0,Brighton,24,27.5,43.7,2017-2018
123,32.3,55.9,23.6,32.3,0.68,1.61,1.61,0.92,0.92,0.85,1.47,0.62,0.85,1.47,26,,,61,35,35,0,0,38.0,38,3420,418,431.0,1103.0,Burnley,24,27.5,43.7,2017-2018
124,52.0,93.5,41.5,54.4,1.11,2.68,2.61,1.5,1.58,1.37,2.46,1.09,1.43,2.52,42,,,102,57,60,3,3,38.0,38,3420,418,1045.0,1998.0,Chelsea,26,26.7,55.6,2017-2018
125,45.9,79.2,33.3,53.5,0.68,1.84,1.63,0.95,1.16,1.21,2.08,0.88,1.41,2.28,26,,,70,36,44,8,10,38.0,38,3420,418,727.0,1308.0,Crystal Palace,28,27.1,45.2,2017-2018
126,34.1,58.8,24.7,40.5,0.68,1.79,1.66,0.97,1.11,0.9,1.55,0.65,1.07,1.71,26,,,68,37,42,5,8,38.0,38,3420,418,477.0,1161.0,Everton,30,26.7,45.5,2017-2018
127,29.8,53.5,23.7,31.3,0.5,1.16,1.11,0.61,0.66,0.78,1.41,0.62,0.82,1.45,19,,,44,23,25,2,2,38.0,38,3420,418,627.0,1210.0,Huddersfield,25,26.4,45.7,2017-2018
128,45.3,80.2,34.9,50.0,1.0,2.39,2.26,1.26,1.39,1.19,2.11,0.92,1.32,2.24,38,,,91,48,53,5,6,38.0,38,3420,418,655.0,1271.0,Leicester City,27,27.2,48.0,2017-2018
129,70.6,123.3,52.7,72.9,1.53,3.68,3.63,2.11,2.16,1.86,3.24,1.39,1.92,3.31,58,,,140,80,82,2,3,38.0,38,3420,418,982.0,2236.0,Liverpool,27,25.6,60.3,2017-2018
130,72.7,130.6,57.9,78.6,2.24,4.95,4.79,2.55,2.71,1.91,3.44,1.52,2.07,3.59,85,,,188,97,103,6,8,38.0,38,3420,418,1308.0,2570.0,Manchester City,25,26.4,71.0,2017-2018
131,53.3,93.8,40.5,55.7,1.39,3.16,3.13,1.74,1.76,1.4,2.47,1.07,1.47,2.53,53,,,120,66,67,1,3,38.0,38,3420,418,920.0,1564.0,Manchester Utd,27,26.7,54.7,2017-2018
132,40.9,72.9,32.1,41.6,0.76,1.76,1.76,1.0,1.0,1.08,1.92,0.84,1.1,1.94,29,,,67,38,38,0,1,38.0,38,3420,418,548.0,1145.0,Newcastle Utd,27,25.6,41.7,2017-2018
133,37.6,67.0,29.5,39.9,0.61,1.55,1.47,0.87,0.95,0.99,1.76,0.78,1.05,1.83,23,,,59,33,36,3,3,38.0,38,3420,418,694.0,1609.0,Southampton,26,26.2,51.3,2017-2018
134,34.1,61.4,27.4,36.5,0.74,1.63,1.63,0.89,0.89,0.9,1.62,0.72,0.96,1.68,28,,,62,34,34,0,3,38.0,38,3420,418,477.0,1150.0,Stoke City,30,27.5,41.4,2017-2018
135,30.8,51.0,20.2,31.6,0.53,1.24,1.21,0.68,0.71,0.81,1.34,0.53,0.83,1.36,20,,,47,26,27,1,1,38.0,38,3420,418,596.0,1194.0,Swansea City,26,27.2,45.3,2017-2018
136,62.3,111.3,49.0,64.7,1.34,3.18,3.13,1.79,1.84,1.64,2.93,1.29,1.7,2.99,51,,,121,68,70,2,3,38.0,38,3420,418,862.0,2249.0,Tottenham,25,25.8,61.8,2017-2018
137,40.2,69.4,29.2,45.0,0.71,1.82,1.74,1.03,1.11,1.06,1.83,0.77,1.19,1.95,27,,,69,39,42,3,6,38.0,38,3420,418,647.0,1455.0,Watford,29,27.9,49.7,2017-2018
138,35.7,61.6,25.9,36.5,0.63,1.45,1.42,0.79,0.82,0.94,1.62,0.68,0.96,1.64,24,,,55,30,31,1,1,38.0,38,3420,418,507.0,1106.0,West Brom,24,29.1,40.7,2017-2018
139,33.6,58.4,24.9,36.7,0.76,2.03,1.97,1.21,1.26,0.88,1.54,0.65,0.97,1.62,29,,,77,46,48,2,4,38.0,38,3420,418,523.0,1179.0,West Ham,27,28.0,45.2,2017-2018
140,,,,,1.45,3.37,3.26,1.82,1.92,,,,,,55,0.0,0.0,128,69,73,4,6,38.0,38,3420,418,,,Arsenal,29,26.9,58.9,2016-2017
141,,,,,0.87,2.26,2.08,1.21,1.39,,,,,,33,2.0,0.0,86,46,53,7,10,38.0,38,3420,418,,,Bournemouth,27,27.0,51.5,2016-2017
142,,,,,0.63,1.66,1.5,0.87,1.03,,,,,,24,1.0,0.0,63,33,39,6,6,38.0,38,3420,418,,,Burnley,27,27.7,40.3,2016-2017
143,,,,,1.39,3.58,3.53,2.13,2.18,,,,,,53,0.0,0.0,136,81,83,2,4,38.0,38,3420,418,,,Chelsea,24,27.2,55.1,2016-2017
144,,,,,0.84,2.11,2.0,1.16,1.26,,,,,,32,0.0,0.0,80,44,48,4,7,38.0,38,3420,418,,,Crystal Palace,31,27.7,45.4,2016-2017
145,,,,,1.18,2.71,2.63,1.45,1.53,,,,,,45,1.0,0.0,103,55,58,3,4,38.0,38,3420,418,,,Everton,27,27.5,52.1,2016-2017
146,,,,,0.63,1.58,1.5,0.87,0.95,,,,,,24,0.0,0.0,60,33,36,3,3,38.0,38,3420,418,,,Hull City,28,27.4,45.9,2016-2017
147,,,,,0.84,2.05,1.95,1.11,1.21,,,,,,32,0.0,0.0,78,42,46,4,6,38.0,38,3420,418,,,Leicester City,25,27.8,41.9,2016-2017
148,,,,,1.37,3.39,3.21,1.84,2.03,,,,,,52,0.0,0.0,129,70,77,7,8,38.0,38,3420,418,,,Liverpool,23,26.1,62.0,2016-2017
149,,,,,1.42,3.39,3.21,1.79,1.97,,,,,,54,0.0,0.0,129,68,75,7,9,38.0,38,3420,418,,,Manchester City,25,28.5,65.0,2016-2017
150,,,,,0.97,2.39,2.32,1.34,1.42,,,,,,37,1.0,0.0,91,51,54,3,4,38.0,38,3420,418,,,Manchester Utd,31,26.7,56.5,2016-2017
151,,,,,0.58,1.26,1.21,0.63,0.68,,,,,,22,1.0,0.0,48,24,26,2,2,38.0,38,3420,418,,,Middlesbrough,27,27.3,47.3,2016-2017
152,,,,,0.71,1.74,1.66,0.95,1.03,,,,,,27,1.0,0.0,66,36,39,3,6,38.0,38,3420,418,,,Southampton,26,26.0,54.4,2016-2017
153,,,,,0.63,1.61,1.5,0.87,0.97,,,,,,24,1.0,0.0,61,33,37,4,6,38.0,38,3420,418,,,Stoke City,26,28.7,46.3,2016-2017
154,,,,,0.29,1.03,0.89,0.61,0.74,,,,,,11,3.0,0.0,39,23,28,5,5,38.0,38,3420,418,,,Sunderland,31,26.8,39.7,2016-2017
155,,,,,0.82,2.0,1.92,1.11,1.18,,,,,,31,0.0,0.0,76,42,45,3,3,38.0,38,3420,418,,,Swansea City,27,27.4,47.9,2016-2017
156,,,,,1.55,3.76,3.58,2.03,2.21,,,,,,59,0.0,0.0,143,77,84,7,9,38.0,38,3420,418,,,Tottenham,24,25.3,60.5,2016-2017
157,,,,,0.71,1.74,1.66,0.95,1.03,,,,,,27,3.0,0.0,66,36,39,3,3,38.0,38,3420,418,,,Watford,33,29.0,46.1,2016-2017
158,,,,,0.87,2.0,1.97,1.11,1.13,,,,,,33,0.0,0.0,76,42,43,1,1,38.0,38,3420,418,,,West Brom,23,29.4,37.3,2016-2017
159,,,,,0.74,1.95,1.87,1.13,1.21,,,,,,28,4.0,0.0,74,43,46,3,4,38.0,38,3420,418,,,West Ham,29,27.1,47.1,2016-2017
160,,,,,1.39,3.03,3.0,1.61,1.63,,,,,,53,0.0,0.0,115,61,62,1,2,38.0,38,3420,418,,,Arsenal,25,27.0,58.3,2015-2016
161,,,,,0.5,1.13,1.08,0.58,0.63,,,,,,19,0.0,0.0,43,22,24,2,2,38.0,38,3420,418,,,Aston Villa,29,26.6,46.4,2015-2016
162,,,,,0.74,1.87,1.79,1.05,1.13,,,,,,28,0.0,0.0,71,40,43,3,4,38.0,38,3420,418,,,Bournemouth,28,27.7,51.2,2015-2016
163,,,,,1.05,2.5,2.39,1.34,1.45,,,,,,40,0.0,0.0,95,51,55,4,5,38.0,38,3420,418,,,Chelsea,28,26.8,56.2,2015-2016
164,,,,,0.55,1.55,1.45,0.89,1.0,,,,,,21,0.0,0.0,59,34,38,4,5,38.0,38,3420,418,,,Crystal Palace,30,27.7,45.8,2015-2016
165,,,,,1.16,2.63,2.53,1.37,1.47,,,,,,44,0.0,0.0,100,52,56,4,5,38.0,38,3420,418,,,Everton,31,26.5,51.9,2015-2016
166,,,,,1.13,2.92,2.66,1.53,1.79,,,,,,43,0.0,0.0,111,58,68,10,13,38.0,38,3420,418,,,Leicester City,23,27.7,42.6,2015-2016
167,,,,,1.32,2.95,2.89,1.58,1.63,,,,,,50,0.0,0.0,112,60,62,2,2,38.0,38,3420,418,,,Liverpool,34,25.2,57.2,2015-2016
168,,,,,1.39,3.26,3.13,1.74,1.87,,,,,,53,0.0,0.0,124,66,71,5,8,38.0,38,3420,418,,,Manchester City,25,28.3,56.9,2015-2016
169,,,,,0.82,2.03,1.95,1.13,1.21,,,,,,31,0.0,0.0,77,43,46,3,3,38.0,38,3420,418,,,Manchester Utd,33,25.6,58.5,2015-2016
170,,,,,0.89,2.03,1.95,1.05,1.13,,,,,,34,0.0,0.0,77,40,43,3,3,38.0,38,3420,418,,,Newcastle Utd,31,25.4,46.6,2015-2016
171,,,,,0.71,1.71,1.68,0.97,1.0,,,,,,27,0.0,0.0,65,37,38,1,1,38.0,38,3420,418,,,Norwich City,28,27.7,46.0,2015-2016
172,,,,,1.18,2.71,2.63,1.45,1.53,,,,,,45,0.0,0.0,103,55,58,3,4,38.0,38,3420,418,,,Southampton,26,26.4,49.2,2015-2016
173,,,,,0.76,1.82,1.68,0.92,1.05,,,,,,29,0.0,0.0,69,35,40,5,5,38.0,38,3420,418,,,Stoke City,27,27.4,49.7,2015-2016
174,,,,,0.79,1.95,1.87,1.08,1.16,,,,,,30,0.0,0.0,74,41,44,3,3,38.0,38,3420,418,,,Sunderland,31,27.3,41.0,2015-2016
175,,,,,0.66,1.74,1.61,0.95,1.08,,,,,,25,0.0,0.0,66,36,41,5,5,38.0,38,3420,418,,,Swansea City,27,27.6,52.5,2015-2016
176,,,,,1.32,3.11,2.97,1.66,1.79,,,,,,50,0.0,0.0,118,63,68,5,5,38.0,38,3420,418,,,Tottenham,24,24.5,57.4,2015-2016
177,,,,,0.47,1.47,1.32,0.84,1.0,,,,,,18,0.0,0.0,56,32,38,6,7,38.0,38,3420,418,,,Watford,25,28.2,45.1,2015-2016
178,,,,,0.66,1.5,1.47,0.82,0.84,,,,,,25,0.0,0.0,57,31,32,1,5,38.0,38,3420,418,,,West Brom,28,29.1,39.8,2015-2016
179,,,,,1.0,2.68,2.58,1.58,1.68,,,,,,38,0.0,0.0,102,60,64,4,4,38.0,38,3420,418,,,West Ham,28,26.6,48.4,2015-2016
180,,,,,1.24,3.05,2.89,1.66,1.82,,,,,,47,0.0,0.0,116,63,69,6,7,38.0,38,3420,418,,,Arsenal,29,26.1,56.6,2014-2015
181,,,,,0.61,1.42,1.39,0.79,0.82,,,,,,23,0.0,0.0,54,30,31,1,1,38.0,38,3420,418,,,Aston Villa,27,26.3,49.0,2014-2015
182,,,,,0.58,1.29,1.26,0.68,0.71,,,,,,22,0.0,0.0,49,26,27,1,2,38.0,38,3420,418,,,Burnley,24,27.2,42.5,2014-2015
183,,,,,1.55,3.45,3.34,1.79,1.89,,,,,,59,0.0,0.0,131,68,72,4,5,38.0,38,3420,418,,,Chelsea,25,27.0,55.9,2014-2015
184,,,,,0.71,1.92,1.79,1.08,1.21,,,,,,27,0.0,0.0,73,41,46,5,7,38.0,38,3420,418,,,Crystal Palace,30,27.8,40.4,2014-2015
185,,,,,0.82,2.05,1.95,1.13,1.24,,,,,,31,0.0,0.0,78,43,47,4,7,38.0,38,3420,418,,,Everton,28,27.9,54.7,2014-2015
186,,,,,0.58,1.42,1.39,0.82,0.84,,,,,,22,0.0,0.0,54,31,32,1,1,38.0,38,3420,418,,,Hull City,29,27.4,44.2,2014-2015
187,,,,,0.76,1.95,1.87,1.11,1.18,,,,,,29,0.0,0.0,74,42,45,3,3,38.0,38,3420,418,,,Leicester City,28,27.9,43.5,2014-2015
188,,,,,0.79,2.05,1.92,1.13,1.26,,,,,,30,0.0,0.0,78,43,48,5,6,38.0,38,3420,418,,,Liverpool,25,25.2,55.8,2014-2015
189,,,,,1.61,3.76,3.58,1.97,2.16,,,,,,61,0.0,0.0,143,75,82,7,8,38.0,38,3420,418,,,Manchester City,24,28.6,59.8,2014-2015
190,,,,,1.08,2.66,2.58,1.5,1.58,,,,,,41,0.0,0.0,101,57,60,3,5,38.0,38,3420,418,,,Manchester Utd,33,26.0,61.2,2014-2015
191,,,,,0.79,1.84,1.82,1.03,1.05,,,,,,30,0.0,0.0,70,39,40,1,1,38.0,38,3420,418,,,Newcastle Utd,27,25.9,47.7,2014-2015
192,,,,,0.76,1.79,1.71,0.95,1.03,,,,,,29,0.0,0.0,68,36,39,3,5,38.0,38,3420,418,,,QPR,32,28.2,45.2,2014-2015
193,,,,,0.84,2.13,2.08,1.24,1.29,,,,,,32,0.0,0.0,81,47,49,2,3,38.0,38,3420,418,,,Southampton,29,26.0,53.1,2014-2015
194,,,,,0.79,2.03,1.95,1.16,1.24,,,,,,30,0.0,0.0,77,44,47,3,3,38.0,38,3420,418,,,Stoke City,25,27.4,50.4,2014-2015
195,,,,,0.53,1.32,1.21,0.68,0.79,,,,,,20,0.0,0.0,50,26,30,4,4,38.0,38,3420,417,,,Sunderland,25,27.8,45.2,2014-2015
196,,,,,0.89,2.03,1.97,1.08,1.13,,,,,,34,0.0,0.0,77,41,43,2,2,38.0,38,3420,418,,,Swansea City,27,26.6,50.1,2014-2015
197,,,,,1.05,2.53,2.45,1.39,1.47,,,,,,40,0.0,0.0,96,53,56,3,5,38.0,38,3420,418,,,Tottenham,27,24.4,57.0,2014-2015
198,,,,,0.76,1.74,1.63,0.87,0.97,,,,,,29,0.0,0.0,66,33,37,4,5,38.0,38,3420,418,,,West Brom,26,28.0,43.7,2014-2015
199,,,,,0.89,2.03,2.0,1.11,1.13,,,,,,34,0.0,0.0,77,42,43,1,2,38.0,38,3420,418,,,West Ham,28,26.8,45.6,2014-2015
200,,,,,1.26,3.05,2.97,1.71,1.79,,,,,,48,0.0,0.0,116,65,68,3,3,38.0,38,3420,418,,,Arsenal,27,26.8,,2013-2014
201,,,,,0.66,1.66,1.61,0.95,1.0,,,,,,25,0.0,0.0,63,36,38,2,4,38.0,38,3420,418,,,Aston Villa,26,24.6,,2013-2014
202,,,,,0.63,1.45,1.42,0.79,0.82,,,,,,24,0.0,0.0,55,30,31,1,1,38.0,38,3420,418,,,Cardiff City,32,25.4,,2013-2014
203,,,,,1.03,2.84,2.71,1.68,1.82,,,,,,39,0.0,0.0,108,64,69,5,7,38.0,38,3420,418,,,Chelsea,29,27.7,,2013-2014
204,,,,,0.55,1.39,1.26,0.71,0.84,,,,,,21,0.0,0.0,53,27,32,5,6,38.0,38,3420,418,,,Crystal Palace,31,28.1,,2013-2014
205,,,,,1.11,2.63,2.55,1.45,1.53,,,,,,42,0.0,0.0,100,55,58,3,3,38.0,38,3420,418,,,Everton,28,27.6,,2013-2014
206,,,,,0.74,1.74,1.68,0.95,1.0,,,,,,28,0.0,0.0,66,36,38,2,3,38.0,38,3420,418,,,Fulham,39,29.0,,2013-2014
207,,,,,0.55,1.47,1.42,0.87,0.92,,,,,,21,0.0,0.0,56,33,35,2,3,38.0,38,3420,418,,,Hull City,27,27.5,,2013-2014
208,,,,,1.61,4.16,3.89,2.29,2.55,,,,,,61,0.0,0.0,158,87,97,10,12,38.0,38,3420,418,,,Liverpool,25,25.7,,2013-2014
209,,,,,1.66,4.21,4.05,2.39,2.55,,,,,,63,0.0,0.0,160,91,97,6,7,38.0,38,3420,418,,,Manchester City,23,27.7,,2013-2014
210,,,,,0.97,2.63,2.5,1.53,1.66,,,,,,37,0.0,0.0,100,58,63,5,5,38.0,38,3420,418,,,Manchester Utd,30,26.7,,2013-2014
211,,,,,0.66,1.74,1.68,1.03,1.08,,,,,,25,0.0,0.0,66,39,41,2,3,38.0,38,3420,418,,,Newcastle Utd,26,26.4,,2013-2014
212,,,,,0.47,1.21,1.18,0.71,0.74,,,,,,18,0.0,0.0,46,27,28,1,2,38.0,38,3420,418,,,Norwich City,25,26.3,,2013-2014
213,,,,,0.97,2.34,2.26,1.29,1.37,,,,,,37,0.0,0.0,89,49,52,3,3,38.0,38,3420,418,,,Southampton,24,25.1,,2013-2014
214,,,,,0.68,1.84,1.74,1.05,1.16,,,,,,26,0.0,0.0,70,40,44,4,5,38.0,38,3420,418,,,Stoke City,26,27.3,,2013-2014
215,,,,,0.63,1.71,1.55,0.92,1.08,,,,,,24,0.0,0.0,65,35,41,6,6,38.0,38,3420,418,,,Sunderland,31,26.5,,2013-2014
216,,,,,0.97,2.21,2.11,1.13,1.24,,,,,,37,0.0,0.0,84,43,47,4,4,38.0,38,3420,418,,,Swansea City,27,26.5,,2013-2014
217,,,,,0.87,2.18,2.05,1.18,1.32,,,,,,33,0.0,0.0,83,45,50,5,6,38.0,38,3420,418,,,Tottenham,28,25.2,,2013-2014
218,,,,,0.71,1.79,1.74,1.03,1.08,,,,,,27,0.0,0.0,68,39,41,2,2,38.0,38,3420,418,,,West Brom,28,28.4,,2013-2014
219,,,,,0.58,1.53,1.47,0.89,0.95,,,,,,22,0.0,0.0,58,34,36,2,2,38.0,38,3420,418,,,West Ham,29,28.5,,2013-2014
220,,,,,1.42,3.24,3.11,1.68,1.82,,,,,,54,4.0,37.0,123,64,69,5,6,38.0,38,3420,418,,,Arsenal,26,25.6,,2012-2013
221,,,,,0.89,2.13,2.05,1.16,1.24,,,,,,34,3.0,72.0,81,44,47,3,3,38.0,38,3420,418,,,Aston Villa,28,24.1,,2012-2013
222,,,,,1.32,3.18,2.95,1.63,1.87,,,,,,50,3.0,51.0,121,62,71,9,11,38.0,38,3420,418,,,Chelsea,26,26.4,,2012-2013
223,,,,,1.11,2.5,2.45,1.34,1.39,,,,,,42,3.0,59.0,95,51,53,2,2,38.0,38,3420,418,,,Everton,23,28.8,,2012-2013
224,,,,,0.84,2.03,1.87,1.03,1.18,,,,,,32,3.0,48.0,77,39,45,6,6,38.0,38,3420,418,,,Fulham,29,30.4,,2012-2013
225,,,,,1.24,3.0,2.87,1.63,1.76,,,,,,47,2.0,54.0,114,62,67,5,6,38.0,38,3420,418,,,Liverpool,28,26.2,,2012-2013
226,,,,,1.18,2.87,2.76,1.58,1.68,,,,,,45,3.0,63.0,109,60,64,4,6,38.0,38,3420,418,,,Manchester City,25,26.7,,2012-2013
227,,,,,1.66,3.76,3.66,2.0,2.11,,,,,,63,1.0,57.0,143,76,80,4,7,38.0,38,3420,418,,,Manchester Utd,25,27.3,,2012-2013
228,,,,,0.58,1.71,1.61,1.03,1.13,,,,,,22,4.0,71.0,65,39,43,4,5,38.0,38,3420,418,,,Newcastle Utd,32,26.2,,2012-2013
229,,,,,0.71,1.76,1.74,1.03,1.05,,,,,,27,1.0,60.0,67,39,40,1,2,38.0,38,3420,418,,,Norwich City,27,26.7,,2012-2013
230,,,,,0.58,1.34,1.32,0.74,0.76,,,,,,22,3.0,59.0,51,28,29,1,4,38.0,38,3420,418,,,QPR,30,28.2,,2012-2013
231,,,,,0.74,1.82,1.71,0.97,1.08,,,,,,28,1.0,45.0,69,37,41,4,4,38.0,38,3420,418,,,Reading,28,27.2,,2012-2013
232,,,,,0.66,1.87,1.79,1.13,1.21,,,,,,25,2.0,43.0,71,43,46,3,3,38.0,38,3420,418,,,Southampton,25,25.3,,2012-2013
233,,,,,0.61,1.47,1.39,0.79,0.87,,,,,,23,4.0,76.0,56,30,33,3,5,38.0,38,3420,418,,,Stoke City,24,27.1,,2012-2013
234,,,,,0.63,1.66,1.55,0.92,1.03,,,,,,24,3.0,61.0,63,35,39,4,4,38.0,38,3420,418,,,Sunderland,29,26.2,,2012-2013
235,,,,,0.84,2.08,2.08,1.24,1.24,,,,,,32,2.0,57.0,79,47,47,0,0,38.0,38,3420,418,,,Swansea City,25,26.6,,2012-2013
236,,,,,1.18,2.82,2.82,1.63,1.63,,,,,,45,2.0,54.0,107,62,62,0,0,38.0,38,3420,418,,,Tottenham,28,26.3,,2012-2013
237,,,,,1.0,2.32,2.18,1.18,1.32,,,,,,38,4.0,62.0,88,45,50,5,7,38.0,38,3420,418,,,West Brom,25,27.6,,2012-2013
238,,,,,0.87,2.0,1.89,1.03,1.13,,,,,,33,1.0,74.0,76,39,43,4,4,38.0,38,3420,418,,,West Ham,26,28.0,,2012-2013
239,,,,,0.92,2.11,2.08,1.16,1.18,,,,,,35,2.0,66.0,80,44,45,1,1,38.0,38,3420,418,,,Wigan Athletic,28,27.7,,2012-2013
240,,,,,1.5,3.42,3.37,1.87,1.92,,,,,,57,4.0,64.0,130,71,73,2,3,38.0,38,3420,418,,,Arsenal,32,25.2,,2011-2012
241,,,,,0.68,1.66,1.58,0.89,0.97,,,,,,26,2.0,69.0,63,34,37,3,3,38.0,38,3420,418,,,Aston Villa,27,27.3,,2011-2012
242,,,,,0.84,2.0,1.89,1.05,1.16,,,,,,32,5.0,66.0,76,40,44,4,8,38.0,38,3420,418,,,Blackburn,31,25.5,,2011-2012
243,,,,,0.76,1.89,1.76,1.0,1.13,,,,,,29,5.0,50.0,72,38,43,5,6,38.0,38,3420,418,,,Bolton,30,27.4,,2011-2012
244,,,,,1.18,2.84,2.74,1.55,1.66,,,,,,45,4.0,74.0,108,59,63,4,5,38.0,38,3420,418,,,Chelsea,29,27.6,,2011-2012
245,,,,,0.84,2.08,1.95,1.11,1.24,,,,,,32,2.0,61.0,79,42,47,5,5,38.0,38,3420,407,,,Everton,30,28.5,,2011-2012
246,,,,,0.82,1.97,1.89,1.08,1.16,,,,,,31,0.0,54.0,75,41,44,3,4,38.0,38,3420,418,,,Fulham,28,29.6,,2011-2012
247,,,,,0.61,1.71,1.68,1.08,1.11,,,,,,23,5.0,52.0,65,41,42,1,4,38.0,38,3420,418,,,Liverpool,26,26.3,,2011-2012
248,,,,,1.92,4.32,4.13,2.21,2.39,,,,,,73,5.0,51.0,164,84,91,7,8,38.0,38,3420,418,,,Manchester City,24,25.8,,2011-2012
249,,,,,1.82,4.11,3.87,2.05,2.29,,,,,,69,1.0,51.0,156,78,87,9,11,38.0,38,3420,418,,,Manchester Utd,31,26.3,,2011-2012
250,,,,,0.95,2.29,2.24,1.29,1.34,,,,,,36,2.0,65.0,87,49,51,2,3,38.0,38,3420,418,,,Newcastle Utd,26,25.6,,2011-2012
251,,,,,0.87,2.24,2.18,1.32,1.37,,,,,,33,3.0,58.0,85,50,52,2,2,38.0,38,3420,418,,,Norwich City,27,25.8,,2011-2012
252,,,,,0.66,1.74,1.68,1.03,1.08,,,,,,25,9.0,53.0,66,39,41,2,2,38.0,38,3420,418,,,QPR,35,28.8,,2011-2012
253,,,,,0.74,1.66,1.55,0.82,0.92,,,,,,28,2.0,60.0,63,31,35,4,6,38.0,38,3420,418,,,Stoke City,23,27.9,,2011-2012
254,,,,,0.66,1.79,1.76,1.11,1.13,,,,,,25,4.0,58.0,68,42,43,1,2,38.0,38,3420,418,,,Sunderland,28,25.8,,2011-2012
255,,,,,0.63,1.76,1.63,1.0,1.13,,,,,,24,2.0,40.0,67,38,43,5,6,38.0,38,3420,418,,,Swansea City,25,25.4,,2011-2012
256,,,,,1.26,3.0,2.89,1.63,1.74,,,,,,48,3.0,43.0,114,62,66,4,5,38.0,38,3420,418,,,Tottenham,29,27.6,,2011-2012
257,,,,,0.79,1.95,1.92,1.13,1.16,,,,,,30,1.0,47.0,74,43,44,1,2,38.0,38,3420,418,,,West Brom,25,27.8,,2011-2012
258,,,,,0.58,1.66,1.53,0.95,1.08,,,,,,22,3.0,67.0,63,36,41,5,7,38.0,38,3420,418,,,Wigan Athletic,23,26.3,,2011-2012
259,,,,,0.66,1.71,1.63,0.97,1.05,,,,,,25,4.0,64.0,65,37,40,3,4,38.0,38,3420,418,,,Wolves,32,26.0,,2011-2012
260,,,,,1.34,3.18,3.08,1.74,1.84,,,,,,51,6.0,65.0,121,66,70,4,7,38.0,38,3420,418,,,Arsenal,27,24.8,,2010-2011
261,,,,,0.84,2.03,1.92,1.08,1.18,,,,,,32,2.0,70.0,77,41,45,4,6,38.0,38,3420,418,,,Aston Villa,32,27.5,,2010-2011
262,,,,,0.61,1.58,1.53,0.92,0.97,,,,,,23,3.0,56.0,60,35,37,2,2,38.0,38,3420,418,,,Birmingham City,26,28.0,,2010-2011
263,,,,,0.74,1.87,1.84,1.11,1.13,,,,,,28,5.0,64.0,71,42,43,1,2,38.0,38,3420,418,,,Blackburn,29,27.8,,2010-2011
264,,,,,0.76,2.18,2.0,1.24,1.42,,,,,,29,2.0,47.0,83,47,54,7,8,38.0,38,3420,418,,,Blackpool,30,26.8,,2010-2011
265,,,,,0.89,2.21,2.11,1.21,1.32,,,,,,34,5.0,66.0,84,46,50,4,5,38.0,38,3420,418,,,Bolton,24,28.1,,2010-2011
266,,,,,1.03,2.82,2.66,1.63,1.79,,,,,,39,1.0,59.0,107,62,68,6,8,38.0,38,3420,418,,,Chelsea,24,28.2,,2010-2011
267,,,,,0.87,2.18,2.11,1.24,1.32,,,,,,33,5.0,56.0,83,47,50,3,4,38.0,38,3420,418,,,Everton,24,28.1,,2010-2011
268,,,,,0.84,2.11,2.05,1.21,1.26,,,,,,32,1.0,52.0,80,46,48,2,3,38.0,38,3420,418,,,Fulham,29,29.8,,2010-2011
269,,,,,0.79,2.32,2.13,1.34,1.53,,,,,,30,2.0,63.0,88,51,58,7,8,38.0,38,3420,418,,,Liverpool,30,26.9,,2010-2011
270,,,,,0.92,2.39,2.18,1.26,1.47,,,,,,35,5.0,71.0,91,48,56,8,9,38.0,38,3420,418,,,Manchester City,27,25.4,,2010-2011
271,,,,,1.55,3.53,3.45,1.89,1.97,,,,,,59,3.0,56.0,134,72,75,3,5,38.0,38,3420,418,,,Manchester Utd,29,28.3,,2010-2011
272,,,,,0.92,2.37,2.24,1.32,1.45,,,,,,35,2.0,78.0,90,50,55,5,5,38.0,38,3420,418,,,Newcastle Utd,30,26.3,,2010-2011
273,,,,,0.74,1.89,1.82,1.08,1.16,,,,,,28,2.0,69.0,72,41,44,3,3,38.0,38,3420,418,,,Stoke City,25,27.6,,2010-2011
274,,,,,0.61,1.68,1.58,0.97,1.08,,,,,,23,5.0,56.0,64,37,41,4,5,38.0,38,3420,418,,,Sunderland,31,25.0,,2010-2011
275,,,,,0.89,2.32,2.18,1.29,1.42,,,,,,34,2.0,50.0,88,49,54,5,5,38.0,38,3420,418,,,Tottenham,28,26.6,,2010-2011
276,,,,,0.97,2.34,2.24,1.26,1.37,,,,,,37,7.0,51.0,89,48,52,4,6,38.0,38,3420,418,,,West Brom,28,26.7,,2010-2011
277,,,,,0.55,1.63,1.5,0.95,1.08,,,,,,21,1.0,58.0,62,36,41,5,6,38.0,38,3420,418,,,West Ham,35,27.9,,2010-2011
278,,,,,0.53,1.5,1.45,0.92,0.97,,,,,,20,4.0,67.0,57,35,37,2,3,38.0,38,3420,418,,,Wigan Athletic,25,25.8,,2010-2011
279,,,,,0.76,1.95,1.87,1.11,1.18,,,,,,29,2.0,62.0,74,42,45,3,3,38.0,38,3420,418,,,Wolves,30,25.8,,2010-2011
280,,,,,1.39,3.47,3.39,2.0,2.08,,,,,,53,1.0,56.0,132,76,79,3,4,38.0,38,3420,418,,,Arsenal,30,25.3,,2009-2010
281,,,,,0.89,2.16,2.03,1.13,1.26,,,,,,34,2.0,58.0,82,43,48,5,8,38.0,38,3420,418,,,Aston Villa,23,27.9,,2009-2010
282,,,,,0.58,1.53,1.47,0.89,0.95,,,,,,22,1.0,73.0,58,34,36,2,4,38.0,38,3420,418,,,Birmingham City,25,26.8,,2009-2010
283,,,,,0.58,1.58,1.5,0.92,1.0,,,,,,22,2.0,57.0,60,35,38,3,3,38.0,38,3420,417,,,Blackburn,28,27.3,,2009-2010
284,,,,,0.63,1.74,1.63,1.0,1.11,,,,,,24,5.0,72.0,66,38,42,4,4,38.0,38,3420,418,,,Bolton,25,27.4,,2009-2010
285,,,,,0.66,1.76,1.61,0.95,1.11,,,,,,25,2.0,55.0,67,36,42,6,6,38.0,38,3420,418,,,Burnley,27,27.9,,2009-2010
286,,,,,1.68,4.29,4.0,2.32,2.61,,,,,,64,5.0,54.0,163,88,99,11,12,38.0,38,3420,418,,,Chelsea,30,28.7,,2009-2010
287,,,,,0.87,2.34,2.21,1.34,1.47,,,,,,33,2.0,57.0,89,51,56,5,6,38.0,38,3420,418,,,Everton,28,27.4,,2009-2010
288,,,,,0.55,1.55,1.45,0.89,1.0,,,,,,21,1.0,46.0,59,34,38,4,4,38.0,38,3420,418,,,Fulham,29,29.2,,2009-2010
289,,,,,0.42,1.29,1.13,0.71,0.87,,,,,,16,6.0,63.0,49,27,33,6,8,38.0,38,3420,418,,,Hull City,30,27.7,,2009-2010
290,,,,,0.97,2.5,2.42,1.45,1.53,,,,,,37,5.0,55.0,95,55,58,3,3,38.0,38,3420,418,,,Liverpool,30,26.3,,2009-2010
291,,,,,1.26,3.18,3.05,1.79,1.92,,,,,,48,2.0,49.0,121,68,73,5,5,38.0,38,3420,418,,,Manchester City,31,27.0,,2009-2010
292,,,,,1.26,3.21,3.05,1.79,1.95,,,,,,48,4.0,48.0,122,68,74,6,8,38.0,38,3420,418,,,Manchester Utd,30,27.8,,2009-2010
293,,,,,0.5,1.39,1.32,0.82,0.89,,,,,,19,5.0,68.0,53,31,34,3,6,38.0,38,3420,418,,,Portsmouth,33,28.2,,2009-2010
294,,,,,0.61,1.45,1.39,0.79,0.84,,,,,,23,5.0,62.0,55,30,32,2,2,38.0,38,3420,418,,,Stoke City,23,28.5,,2009-2010
295,,,,,0.74,1.92,1.76,1.03,1.18,,,,,,28,9.0,78.0,73,39,45,6,9,38.0,38,3420,418,,,Sunderland,28,25.4,,2009-2010
296,,,,,1.18,2.92,2.87,1.68,1.74,,,,,,45,1.0,57.0,111,64,66,2,3,38.0,38,3420,418,,,Tottenham,30,25.4,,2009-2010
297,,,,,0.71,1.92,1.74,1.03,1.21,,,,,,27,3.0,63.0,73,39,46,7,9,38.0,38,3420,418,,,West Ham,30,26.0,,2009-2010
298,,,,,0.55,1.5,1.47,0.92,0.95,,,,,,21,3.0,63.0,57,35,36,1,2,38.0,38,3420,418,,,Wigan Athletic,27,26.3,,2009-2010
299,,,,,0.39,1.13,1.08,0.68,0.74,,,,,,15,4.0,61.0,43,26,28,2,2,38.0,38,3420,418,,,Wolves,29,25.9,,2009-2010
300,,,,,1.26,2.97,2.84,1.58,1.71,,,,,,48,3.0,58.0,113,60,65,5,5,38.0,38,3420,418,,,Arsenal,28,24.1,,2008-2009
301,,,,,0.92,2.18,2.08,1.16,1.26,,,,,,35,2.0,53.0,83,44,48,4,5,38.0,38,3420,418,,,Aston Villa,21,27.1,,2008-2009
302,,,,,0.74,1.79,1.68,0.95,1.05,,,,,,28,4.0,73.0,68,36,40,4,7,38.0,38,3420,418,,,Blackburn,28,28.3,,2008-2009
303,,,,,0.74,1.79,1.79,1.05,1.05,,,,,,28,1.0,62.0,68,40,40,0,1,38.0,38,3420,418,,,Bolton,24,27.3,,2008-2009
304,,,,,1.18,2.89,2.84,1.66,1.71,,,,,,45,2.0,50.0,110,63,65,2,2,38.0,38,3420,418,,,Chelsea,29,27.5,,2008-2009
305,,,,,1.0,2.42,2.32,1.32,1.42,,,,,,38,1.0,49.0,92,50,54,4,5,38.0,38,3420,417,,,Everton,25,26.4,,2008-2009
306,,,,,0.63,1.66,1.53,0.89,1.03,,,,,,24,1.0,40.0,63,34,39,5,5,38.0,38,3420,418,,,Fulham,26,28.8,,2008-2009
307,,,,,0.45,1.37,1.29,0.84,0.92,,,,,,17,3.0,70.0,52,32,35,3,3,38.0,38,3420,418,,,Hull City,29,27.7,,2008-2009
308,,,,,1.32,3.24,3.11,1.79,1.92,,,,,,50,0.0,50.0,123,68,73,5,6,38.0,38,3420,418,,,Liverpool,23,26.5,,2008-2009
309,,,,,0.92,2.39,2.24,1.32,1.47,,,,,,35,4.0,49.0,91,50,56,6,7,38.0,38,3420,418,,,Manchester City,34,24.5,,2008-2009
310,,,,,1.34,3.13,3.03,1.68,1.79,,,,,,51,5.0,61.0,119,64,68,4,4,38.0,38,3420,418,,,Manchester Utd,33,27.1,,2008-2009
311,,,,,0.45,1.13,1.11,0.66,0.68,,,,,,17,3.0,54.0,43,25,26,1,3,38.0,38,3420,418,,,Middlesbrough,28,24.5,,2008-2009
312,,,,,0.61,1.63,1.53,0.92,1.03,,,,,,23,8.0,57.0,62,35,39,4,5,38.0,38,3420,417,,,Newcastle Utd,29,26.8,,2008-2009
313,,,,,0.66,1.61,1.55,0.89,0.95,,,,,,25,5.0,57.0,61,34,36,2,3,38.0,38,3420,417,,,Portsmouth,29,28.6,,2008-2009
314,,,,,0.61,1.55,1.42,0.82,0.95,,,,,,23,5.0,73.0,59,31,36,5,6,38.0,38,3420,418,,,Stoke City,29,28.5,,2008-2009
315,,,,,0.5,1.34,1.32,0.82,0.84,,,,,,19,1.0,69.0,51,31,32,1,1,38.0,38,3420,418,,,Sunderland,30,26.1,,2008-2009
316,,,,,0.79,1.92,1.84,1.05,1.13,,,,,,30,5.0,54.0,73,40,43,3,4,38.0,38,3420,418,,,Tottenham,29,24.9,,2008-2009
317,,,,,0.61,1.5,1.42,0.82,0.89,,,,,,23,1.0,66.0,57,31,34,3,5,38.0,38,3420,418,,,West Brom,30,25.2,,2008-2009
318,,,,,0.66,1.74,1.71,1.05,1.08,,,,,,25,4.0,66.0,66,40,41,1,3,38.0,38,3420,418,,,West Ham,30,26.6,,2008-2009
319,,,,,0.39,1.26,1.13,0.74,0.87,,,,,,15,4.0,59.0,48,28,33,5,5,38.0,38,3420,418,,,Wigan Athletic,29,26.5,,2008-2009
320,,,,,1.5,3.42,3.29,1.79,1.92,,,,,,57,3.0,57.0,130,68,73,5,6,38.0,38,3420,418,,,Arsenal,27,24.6,,2007-2008
321,,,,,1.11,2.84,2.68,1.58,1.74,,,,,,42,4.0,56.0,108,60,66,6,7,38.0,38,3420,418,,,Aston Villa,22,25.5,,2007-2008
322,,,,,0.55,1.71,1.55,1.0,1.16,,,,,,21,3.0,68.0,65,38,44,6,6,38.0,38,3420,418,,,Birmingham City,28,25.3,,2007-2008
323,,,,,0.84,2.16,2.03,1.18,1.32,,,,,,32,6.0,74.0,82,45,50,5,6,38.0,38,3420,418,,,Blackburn,22,28.0,,2007-2008
324,,,,,0.58,1.47,1.47,0.89,0.89,,,,,,22,0.0,76.0,56,34,34,0,1,38.0,38,3420,417,,,Bolton,31,27.5,,2007-2008
325,,,,,1.37,3.05,2.87,1.5,1.68,,,,,,52,5.0,65.0,116,57,64,7,7,38.0,38,3420,417,,,Chelsea,27,27.0,,2007-2008
326,,,,,0.32,0.82,0.82,0.5,0.5,,,,,,12,1.0,63.0,31,19,19,0,0,38.0,38,3420,418,,,Derby County,36,27.6,,2007-2008
327,,,,,0.79,2.18,2.16,1.37,1.39,,,,,,30,3.0,40.0,83,52,53,1,1,38.0,38,3420,420,,,Everton,23,26.9,,2007-2008
328,,,,,0.45,1.42,1.37,0.92,0.97,,,,,,17,6.0,60.0,54,35,37,2,3,38.0,38,3420,418,,,Fulham,33,28.0,,2007-2008
329,,,,,1.13,2.82,2.68,1.55,1.68,,,,,,43,1.0,46.0,107,59,64,5,5,38.0,38,3420,418,,,Liverpool,25,26.2,,2007-2008
330,,,,,0.79,1.89,1.84,1.05,1.11,,,,,,30,4.0,51.0,72,40,42,2,2,38.0,38,3420,418,,,Manchester City,28,24.5,,2007-2008
331,,,,,1.37,3.42,3.26,1.89,2.05,,,,,,52,2.0,51.0,130,72,78,6,8,38.0,38,3420,418,,,Manchester Utd,25,26.7,,2007-2008
332,,,,,0.71,1.84,1.79,1.08,1.13,,,,,,27,2.0,86.0,70,41,43,2,2,38.0,38,3420,416,,,Middlesbrough,30,25.7,,2007-2008
333,,,,,0.71,1.84,1.74,1.03,1.13,,,,,,27,1.0,66.0,70,39,43,4,4,38.0,38,3420,419,,,Newcastle Utd,27,27.0,,2007-2008
334,,,,,0.84,2.05,1.95,1.11,1.21,,,,,,32,3.0,58.0,78,42,46,4,7,38.0,38,3420,419,,,Portsmouth,28,28.2,,2007-2008
335,,,,,0.68,1.76,1.71,1.03,1.08,,,,,,26,5.0,61.0,67,39,41,2,4,38.0,38,3420,418,,,Reading,26,27.6,,2007-2008
336,,,,,0.55,1.5,1.47,0.92,0.95,,,,,,21,4.0,67.0,57,35,36,1,2,38.0,38,3420,418,,,Sunderland,31,24.9,,2007-2008
337,,,,,0.92,2.63,2.53,1.61,1.71,,,,,,35,1.0,52.0,100,61,65,4,6,38.0,38,3420,418,,,Tottenham,30,25.5,,2007-2008
338,,,,,0.76,1.79,1.74,0.97,1.03,,,,,,29,2.0,66.0,68,37,39,2,2,38.0,38,3420,418,,,West Ham,28,26.5,,2007-2008
339,,,,,0.5,1.37,1.26,0.76,0.87,,,,,,19,4.0,60.0,52,29,33,4,5,38.0,38,3420,418,,,Wigan Athletic,27,27.7,,2007-2008
340,,,,,1.26,2.84,2.58,1.32,1.58,,,,,,48,3.0,51.0,108,50,60,10,11,38.0,38,3420,417,,,Arsenal,25,25.1,,2006-2007
341,,,,,0.82,2.0,1.84,1.03,1.18,,,,,,31,1.0,47.0,76,39,45,6,8,38.0,38,3420,436,,,Aston Villa,30,25.5,,2006-2007
342,,,,,0.87,2.16,2.03,1.16,1.29,,,,,,33,8.0,81.0,82,44,49,5,7,38.0,38,3420,399,,,Blackburn,29,28.2,,2006-2007
343,,,,,0.92,2.11,1.95,1.03,1.18,,,,,,35,4.0,84.0,80,39,45,6,7,38.0,38,3420,423,,,Bolton,23,28.2,,2006-2007
344,,,,,0.58,1.42,1.32,0.74,0.84,,,,,,22,4.0,60.0,54,28,32,4,4,38.0,38,3420,429,,,Charlton Ath,29,27.0,,2006-2007
345,,,,,1.29,2.82,2.74,1.45,1.53,,,,,,49,4.0,65.0,107,55,58,3,4,38.0,38,3420,418,,,Chelsea,26,26.7,,2006-2007
346,,,,,0.92,2.24,2.03,1.11,1.32,,,,,,35,2.0,70.0,85,42,50,8,8,38.0,38,3420,411,,,Everton,26,27.0,,2006-2007
347,,,,,0.71,1.66,1.58,0.87,0.95,,,,,,27,3.0,60.0,63,33,36,3,3,38.0,38,3420,424,,,Fulham,25,28.3,,2006-2007
348,,,,,1.16,2.63,2.47,1.32,1.47,,,,,,44,0.0,43.0,100,50,56,6,7,38.0,38,3420,419,,,Liverpool,29,26.1,,2006-2007
349,,,,,0.55,1.29,1.24,0.68,0.74,,,,,,21,4.0,58.0,49,26,28,2,4,38.0,38,3420,394,,,Manchester City,29,26.1,,2006-2007
350,,,,,1.58,3.68,3.55,1.97,2.11,,,,,,60,1.0,58.0,140,75,80,5,6,38.0,38,3420,418,,,Manchester Utd,25,27.3,,2006-2007
351,,,,,0.87,2.0,1.89,1.03,1.13,,,,,,33,2.0,65.0,76,39,43,4,5,38.0,38,3420,418,,,Middlesbrough,27,25.4,,2006-2007
352,,,,,0.68,1.68,1.55,0.87,1.0,,,,,,26,1.0,69.0,64,33,38,5,5,38.0,38,3420,418,,,Newcastle Utd,29,26.1,,2006-2007
353,,,,,0.82,1.87,1.82,1.0,1.05,,,,,,31,1.0,51.0,71,38,40,2,3,38.0,38,3420,405,,,Portsmouth,25,28.3,,2006-2007
354,,,,,1.0,2.26,2.18,1.18,1.26,,,,,,38,3.0,41.0,86,45,48,3,3,38.0,38,3420,418,,,Reading,23,26.9,,2006-2007
355,,,,,0.55,1.37,1.32,0.76,0.82,,,,,,21,2.0,71.0,52,29,31,2,4,38.0,38,3420,408,,,Sheffield Utd,32,26.0,,2006-2007
356,,,,,0.97,2.45,2.32,1.34,1.47,,,,,,37,4.0,51.0,93,51,56,5,5,38.0,38,3420,418,,,Tottenham,26,25.1,,2006-2007
357,,,,,0.47,1.11,1.03,0.55,0.63,,,,,,18,2.0,48.0,42,21,24,3,3,38.0,38,3420,390,,,Watford,33,25.2,,2006-2007
358,,,,,0.68,1.61,1.58,0.89,0.92,,,,,,26,2.0,86.0,61,34,35,1,3,38.0,38,3420,442,,,West Ham,30,25.4,,2006-2007
359,,,,,0.63,1.61,1.53,0.89,0.97,,,,,,24,3.0,81.0,61,34,37,3,6,38.0,38,3420,415,,,Wigan Athletic,30,27.7,,2006-2007
360,,,,,1.21,2.95,2.84,1.63,1.74,,,,,,46,2.0,55.0,112,62,66,4,7,38.0,38,3420,418,,,Arsenal,27,26.2,,2005-2006
361,,,,,0.92,2.0,1.97,1.05,1.08,,,,,,35,2.0,63.0,76,40,41,1,4,38.0,38,3420,416,,,Aston Villa,27,25.2,,2005-2006
362,,,,,0.5,1.18,1.13,0.63,0.68,,,,,,19,7.0,53.0,45,24,26,2,2,38.0,38,3420,417,,,Birmingham City,30,28.0,,2005-2006
363,,,,,0.76,2.05,1.95,1.18,1.29,,,,,,29,6.0,78.0,78,45,49,4,4,38.0,38,3420,418,,,Blackburn,25,28.0,,2005-2006
364,,,,,0.87,2.11,2.05,1.18,1.24,,,,,,33,3.0,64.0,80,45,47,2,4,38.0,38,3420,419,,,Bolton,24,28.0,,2005-2006
365,,,,,0.76,1.84,1.74,0.97,1.08,,,,,,29,2.0,44.0,70,37,41,4,4,38.0,38,3420,422,,,Charlton Ath,28,27.9,,2005-2006
366,,,,,1.32,3.18,3.08,1.76,1.87,,,,,,50,5.0,64.0,121,67,71,4,4,38.0,38,3420,418,,,Chelsea,25,25.9,,2005-2006
367,,,,,0.66,1.5,1.47,0.82,0.84,,,,,,25,7.0,66.0,57,31,32,1,3,38.0,38,3420,422,,,Everton,28,27.8,,2005-2006
368,,,,,0.92,2.16,2.05,1.13,1.24,,,,,,35,2.0,65.0,82,43,47,4,4,38.0,38,3420,417,,,Fulham,27,27.9,,2005-2006
369,,,,,1.11,2.53,2.42,1.32,1.42,,,,,,42,5.0,50.0,96,50,54,4,5,38.0,38,3420,415,,,Liverpool,24,26.3,,2005-2006
370,,,,,0.82,1.92,1.89,1.08,1.11,,,,,,31,4.0,70.0,73,41,42,1,2,38.0,38,3420,418,,,Manchester City,26,27.3,,2005-2006
371,,,,,1.32,3.11,3.05,1.74,1.79,,,,,,50,2.0,61.0,118,66,68,2,3,38.0,38,3420,417,,,Manchester Utd,26,26.4,,2005-2006
372,,,,,0.89,2.16,2.03,1.13,1.26,,,,,,34,3.0,54.0,82,43,48,5,5,38.0,38,3420,413,,,Middlesbrough,37,26.5,,2005-2006
373,,,,,0.82,2.0,1.87,1.05,1.18,,,,,,31,6.0,64.0,76,40,45,5,5,38.0,38,3420,414,,,Newcastle Utd,26,26.7,,2005-2006
374,,,,,0.58,1.53,1.47,0.89,0.95,,,,,,22,1.0,55.0,58,34,36,2,2,38.0,38,3420,419,,,Portsmouth,34,26.7,,2005-2006
375,,,,,0.39,1.03,0.97,0.58,0.63,,,,,,15,4.0,69.0,39,22,24,2,2,38.0,38,3420,410,,,Sunderland,28,25.0,,2005-2006
376,,,,,1.0,2.37,2.26,1.26,1.37,,,,,,38,5.0,51.0,90,48,52,4,6,38.0,38,3420,414,,,Tottenham,29,24.9,,2005-2006
377,,,,,0.47,1.29,1.26,0.79,0.82,,,,,,18,2.0,47.0,49,30,31,1,2,38.0,38,3420,418,,,West Brom,29,26.4,,2005-2006
378,,,,,0.76,2.03,1.95,1.18,1.26,,,,,,29,2.0,50.0,77,45,48,3,5,38.0,38,3420,415,,,West Ham,28,26.0,,2005-2006
379,,,,,0.79,1.95,1.92,1.13,1.16,,,,,,30,4.0,54.0,74,43,44,1,1,38.0,38,3420,420,,,Wigan Athletic,25,28.3,,2005-2006
380,,,,,1.79,4.05,3.97,2.18,2.26,,,,,,68,1.0,46.0,154,83,86,3,4,38.0,38,3420,417,,,Arsenal,25,26.2,,2004-2005
381,,,,,0.89,2.03,1.95,1.05,1.13,,,,,,34,2.0,55.0,77,40,43,3,6,38.0,38,3420,421,,,Aston Villa,22,25.7,,2004-2005
382,,,,,0.63,1.61,1.55,0.92,0.97,,,,,,24,3.0,62.0,61,35,37,2,2,38.0,38,3420,417,,,Birmingham City,27,27.9,,2004-2005
383,,,,,0.63,1.45,1.39,0.76,0.82,,,,,,24,5.0,73.0,55,29,31,2,3,38.0,38,3420,414,,,Blackburn,31,27.8,,2004-2005
384,,,,,0.87,2.16,2.03,1.16,1.29,,,,,,33,2.0,58.0,82,44,49,5,6,38.0,38,3420,418,,,Bolton,25,28.6,,2004-2005
385,,,,,0.74,1.82,1.82,1.08,1.08,,,,,,28,4.0,38.0,69,41,41,0,0,38.0,38,3420,414,,,Charlton Ath,22,28.0,,2004-2005
386,,,,,1.53,3.39,3.26,1.74,1.87,,,,,,58,0.0,49.0,129,66,71,5,6,38.0,38,3420,422,,,Chelsea,30,25.2,,2004-2005
387,,,,,0.68,1.82,1.55,0.87,1.13,,,,,,26,3.0,58.0,69,33,43,10,12,38.0,38,3420,418,,,Crystal Palace,27,25.7,,2004-2005
388,,,,,0.89,2.08,2.03,1.13,1.18,,,,,,34,4.0,56.0,79,43,45,2,3,38.0,38,3420,414,,,Everton,22,28.5,,2004-2005
389,,,,,1.03,2.39,2.34,1.32,1.37,,,,,,39,7.0,56.0,91,50,52,2,4,38.0,38,3420,418,,,Fulham,24,27.7,,2004-2005
390,,,,,1.11,2.39,2.32,1.21,1.29,,,,,,42,2.0,46.0,91,46,49,3,5,38.0,38,3420,414,,,Liverpool,29,26.2,,2004-2005
391,,,,,0.87,2.05,1.92,1.05,1.18,,,,,,33,3.0,44.0,78,40,45,5,6,38.0,38,3420,418,,,Manchester City,25,27.3,,2004-2005
392,,,,,1.18,2.68,2.61,1.42,1.5,,,,,,45,5.0,56.0,102,54,57,3,4,38.0,38,3420,416,,,Manchester Utd,26,26.0,,2004-2005
393,,,,,1.03,2.32,2.29,1.26,1.29,,,,,,39,2.0,54.0,88,48,49,1,1,38.0,38,3420,418,,,Middlesbrough,27,28.4,,2004-2005
394,,,,,0.84,2.0,1.92,1.08,1.16,,,,,,32,5.0,63.0,76,41,44,3,3,38.0,38,3420,435,,,Newcastle Utd,27,25.9,,2004-2005
395,,,,,0.76,1.84,1.76,1.0,1.08,,,,,,29,2.0,36.0,70,38,41,3,4,38.0,38,3420,422,,,Norwich City,25,27.6,,2004-2005
396,,,,,0.79,1.87,1.71,0.92,1.08,,,,,,30,2.0,52.0,71,35,41,6,6,38.0,38,3420,386,,,Portsmouth,26,27.6,,2004-2005
397,,,,,0.79,1.95,1.87,1.08,1.16,,,,,,30,2.0,45.0,74,41,44,3,3,38.0,38,3420,415,,,Southampton,35,28.4,,2004-2005
398,,,,,0.84,2.08,2.05,1.21,1.24,,,,,,32,1.0,55.0,79,46,47,1,1,38.0,38,3420,412,,,Tottenham,31,24.8,,2004-2005
399,,,,,0.66,1.55,1.5,0.84,0.89,,,,,,25,5.0,41.0,59,32,34,2,3,38.0,38,3420,422,,,West Brom,27,27.1,,2004-2005
400,,,,,1.37,3.18,3.0,1.63,1.82,,,,,,52,3.0,51.0,121,62,69,7,7,38.0,38,3420,419,,,Arsenal,22,27.3,,2003-2004
401,,,,,0.89,2.16,2.05,1.16,1.26,,,,,,34,3.0,52.0,82,44,48,4,5,38.0,38,3420,418,,,Aston Villa,23,25.7,,2003-2004
402,,,,,0.76,1.89,1.79,1.03,1.13,,,,,,29,5.0,45.0,72,39,43,4,5,38.0,38,3420,428,,,Birmingham City,27,27.4,,2003-2004
403,,,,,1.03,2.39,2.39,1.37,1.37,,,,,,39,3.0,58.0,91,52,52,0,0,38.0,38,3420,412,,,Blackburn,28,28.2,,2003-2004
404,,,,,0.92,2.16,2.13,1.21,1.24,,,,,,35,0.0,63.0,82,46,47,1,1,38.0,38,3420,433,,,Bolton,24,28.5,,2003-2004
405,,,,,0.76,2.08,1.92,1.16,1.32,,,,,,29,3.0,35.0,79,44,50,6,8,38.0,38,3420,406,,,Charlton Ath,24,28.4,,2003-2004
406,,,,,1.53,3.29,3.18,1.66,1.76,,,,,,58,3.0,44.0,125,63,67,4,4,38.0,38,3420,438,,,Chelsea,27,25.9,,2003-2004
407,,,,,0.82,1.92,1.89,1.08,1.11,,,,,,31,3.0,53.0,73,41,42,1,1,38.0,38,3420,414,,,Everton,27,27.4,,2003-2004
408,,,,,0.84,2.21,2.16,1.32,1.37,,,,,,32,3.0,59.0,84,50,52,2,3,38.0,38,3420,421,,,Fulham,30,27.0,,2003-2004
409,,,,,0.74,1.79,1.68,0.95,1.05,,,,,,28,5.0,70.0,68,36,40,4,4,38.0,38,3420,404,,,Leeds United,30,25.1,,2003-2004
410,,,,,0.97,2.16,2.11,1.13,1.18,,,,,,37,8.0,58.0,82,43,45,2,3,38.0,38,3420,391,,,Leicester City,30,29.3,,2003-2004
411,,,,,0.95,2.34,2.13,1.18,1.39,,,,,,36,1.0,46.0,89,45,53,8,10,38.0,38,3420,408,,,Liverpool,26,26.0,,2003-2004
412,,,,,0.97,2.34,2.24,1.26,1.37,,,,,,37,3.0,46.0,89,48,52,4,4,38.0,38,3420,418,,,Manchester City,24,27.9,,2003-2004
413,,,,,1.42,3.08,3.05,1.63,1.66,,,,,,54,3.0,42.0,117,62,63,1,4,38.0,38,3420,418,,,Manchester Utd,22,25.8,,2003-2004
414,,,,,0.74,1.84,1.76,1.03,1.11,,,,,,28,1.0,52.0,70,39,42,3,5,38.0,38,3420,418,,,Middlesbrough,27,27.6,,2003-2004
415,,,,,0.87,2.26,2.08,1.21,1.39,,,,,,33,3.0,47.0,86,46,53,7,10,38.0,38,3420,429,,,Newcastle Utd,24,25.8,,2003-2004
416,,,,,0.82,2.11,2.03,1.21,1.29,,,,,,31,3.0,60.0,80,46,49,3,3,38.0,38,3420,433,,,Portsmouth,32,28.6,,2003-2004
417,,,,,0.71,1.84,1.79,1.08,1.13,,,,,,27,3.0,51.0,70,41,43,2,2,38.0,38,3420,403,,,Southampton,28,28.1,,2003-2004
418,,,,,0.87,2.11,2.03,1.16,1.24,,,,,,33,0.0,45.0,80,44,47,3,3,38.0,38,3420,407,,,Tottenham,28,26.2,,2003-2004
419,,,,,0.66,1.68,1.66,1.0,1.03,,,,,,25,2.0,65.0,64,38,39,1,4,38.0,38,3420,428,,,Wolves,27,29.6,,2003-2004
420,,,,,1.74,3.95,3.82,2.08,2.21,,,,,,66,2.0,47.0,150,79,84,5,6,38.0,38,3420,418,,,Arsenal,28,27.8,,2002-2003
421,,,,,0.76,1.87,1.79,1.03,1.11,,,,,,29,4.0,58.0,71,39,42,3,4,38.0,38,3420,418,,,Aston Villa,27,26.2,,2002-2003
422,,,,,0.68,1.74,1.63,0.95,1.05,,,,,,26,3.0,66.0,66,36,40,4,5,38.0,38,3420,418,,,Birmingham City,33,27.9,,2002-2003
423,,,,,1.0,2.32,2.18,1.18,1.32,,,,,,38,4.0,55.0,88,45,50,5,6,38.0,38,3420,418,,,Blackburn,28,27.7,,2002-2003
424,,,,,0.63,1.63,1.61,0.97,1.0,,,,,,24,3.0,54.0,62,37,38,1,2,38.0,38,3420,418,,,Bolton,27,29.1,,2002-2003
425,,,,,0.63,1.76,1.66,1.03,1.13,,,,,,24,1.0,47.0,67,39,43,4,5,38.0,38,3420,420,,,Charlton Ath,26,27.0,,2002-2003
426,,,,,1.05,2.82,2.74,1.68,1.76,,,,,,40,1.0,54.0,107,64,67,3,3,38.0,38,3420,416,,,Chelsea,23,27.8,,2002-2003
427,,,,,0.84,2.11,2.0,1.16,1.26,,,,,,32,5.0,39.0,80,44,48,4,4,38.0,38,3420,392,,,Everton,28,27.4,,2002-2003
428,,,,,0.61,1.61,1.45,0.84,1.0,,,,,,23,6.0,46.0,61,32,38,6,7,38.0,38,3420,417,,,Fulham,27,27.3,,2002-2003
429,,,,,1.03,2.45,2.34,1.32,1.42,,,,,,39,1.0,62.0,93,50,54,4,5,38.0,38,3420,401,,,Leeds United,29,25.8,,2002-2003
430,,,,,1.29,2.89,2.79,1.5,1.61,,,,,,49,1.0,35.0,110,57,61,4,6,38.0,38,3420,418,,,Liverpool,23,24.9,,2002-2003
431,,,,,1.05,2.29,2.24,1.18,1.24,,,,,,40,5.0,40.0,87,45,47,2,2,38.0,38,3420,419,,,Manchester City,26,27.8,,2002-2003
432,,,,,1.47,3.39,3.16,1.68,1.92,,,,,,56,1.0,39.0,129,64,73,9,9,38.0,38,3420,418,,,Manchester Utd,26,27.0,,2002-2003
433,,,,,0.82,2.08,2.03,1.21,1.26,,,,,,31,4.0,43.0,79,46,48,2,3,38.0,38,3420,418,,,Middlesbrough,29,26.4,,2002-2003
434,,,,,1.11,2.76,2.68,1.58,1.66,,,,,,42,2.0,40.0,105,60,63,3,4,38.0,38,3420,420,,,Newcastle Utd,26,24.8,,2002-2003
435,,,,,0.63,1.74,1.58,0.95,1.11,,,,,,24,3.0,33.0,66,36,42,6,6,38.0,38,3420,417,,,Southampton,26,27.2,,2002-2003
436,,,,,0.42,0.97,0.95,0.53,0.55,,,,,,16,0.0,47.0,37,20,21,1,3,38.0,38,3420,413,,,Sunderland,34,26.0,,2002-2003
437,,,,,0.92,2.24,2.16,1.24,1.32,,,,,,35,4.0,50.0,85,47,50,3,3,38.0,38,3420,414,,,Tottenham,25,28.1,,2002-2003
438,,,,,0.29,1.05,1.03,0.74,0.76,,,,,,11,4.0,45.0,40,28,29,1,1,38.0,38,3420,418,,,West Brom,23,27.2,,2002-2003
439,,,,,0.76,1.84,1.74,0.97,1.08,,,,,,29,4.0,49.0,70,37,41,4,5,38.0,38,3420,422,,,West Ham,24,27.3,,2002-2003
440,,,,,1.42,3.5,3.34,1.92,2.08,,,,,,54,6.0,77.0,133,73,79,6,7,38.0,38,3420,431,,,Arsenal,25,27.3,,2001-2002
441,,,,,1.0,2.16,2.11,1.11,1.16,,,,,,38,2.0,41.0,82,42,44,2,2,38.0,38,3420,410,,,Aston Villa,23,27.2,,2001-2002
442,,,,,1.03,2.45,2.42,1.39,1.42,,,,,,39,4.0,57.0,93,53,54,1,1,38.0,38,3420,416,,,Blackburn,27,27.2,,2001-2002
443,,,,,0.66,1.76,1.76,1.11,1.11,,,,,,25,6.0,57.0,67,42,42,0,1,38.0,38,3420,407,,,Bolton,30,28.5,,2001-2002
444,,,,,0.66,1.61,1.61,0.95,0.95,,,,,,25,3.0,63.0,61,36,36,0,1,38.0,38,3420,418,,,Charlton Ath,25,26.6,,2001-2002
445,,,,,1.13,2.84,2.76,1.63,1.71,,,,,,43,2.0,63.0,108,62,65,3,3,38.0,38,3420,411,,,Chelsea,25,26.8,,2001-2002
446,,,,,0.61,1.47,1.42,0.82,0.87,,,,,,23,2.0,71.0,56,31,33,2,5,38.0,38,3420,409,,,Derby County,34,25.8,,2001-2002
447,,,,,0.82,1.97,1.89,1.08,1.16,,,,,,31,4.0,58.0,75,41,44,3,3,38.0,38,3420,401,,,Everton,28,28.0,,2001-2002
448,,,,,0.74,1.66,1.63,0.89,0.92,,,,,,28,1.0,53.0,63,34,35,1,3,38.0,38,3420,415,,,Fulham,24,27.7,,2001-2002
449,,,,,0.84,1.92,1.89,1.05,1.08,,,,,,32,1.0,42.0,73,40,41,1,3,38.0,38,3420,410,,,Ipswich Town,26,27.2,,2001-2002
450,,,,,1.21,2.63,2.61,1.39,1.42,,,,,,46,5.0,70.0,100,53,54,1,2,38.0,38,3420,433,,,Leeds United,21,26.0,,2001-2002
451,,,,,0.55,1.32,1.26,0.71,0.76,,,,,,21,3.0,74.0,50,27,29,2,4,38.0,38,3420,415,,,Leicester City,33,27.2,,2001-2002
452,,,,,1.34,3.0,2.97,1.63,1.66,,,,,,51,2.0,45.0,114,62,63,1,3,38.0,38,3420,418,,,Liverpool,27,25.5,,2001-2002
453,,,,,1.47,3.61,3.47,2.0,2.13,,,,,,56,1.0,53.0,137,76,81,5,5,38.0,38,3420,402,,,Manchester Utd,28,27.5,,2001-2002
454,,,,,0.55,1.42,1.37,0.82,0.87,,,,,,21,7.0,54.0,54,31,33,2,3,38.0,38,3420,409,,,Middlesbrough,35,28.2,,2001-2002
455,,,,,1.39,3.29,3.16,1.76,1.89,,,,,,53,2.0,48.0,125,67,72,5,7,38.0,38,3420,390,,,Newcastle Utd,24,25.9,,2001-2002
456,,,,,0.79,1.89,1.79,1.0,1.11,,,,,,30,3.0,33.0,72,38,42,4,4,38.0,38,3420,390,,,Southampton,30,27.5,,2001-2002
457,,,,,0.5,1.26,1.24,0.74,0.76,,,,,,19,1.0,66.0,48,28,29,1,3,38.0,38,3420,415,,,Sunderland,26,26.6,,2001-2002
458,,,,,0.87,2.13,2.05,1.18,1.26,,,,,,33,4.0,59.0,81,45,48,3,3,38.0,38,3420,411,,,Tottenham,24,28.7,,2001-2002
459,,,,,0.89,2.16,2.05,1.16,1.26,,,,,,34,3.0,67.0,82,44,48,4,5,38.0,38,3420,419,,,West Ham,28,27.4,,2001-2002
460,,,,,1.37,3.0,2.97,1.61,1.63,,,,,,52,3.0,48.0,114,61,62,1,2,38.0,38,3420,418,,,Arsenal,26,28.3,,2000-2001
461,,,,,0.92,2.13,2.11,1.18,1.21,,,,,,35,3.0,64.0,81,45,46,1,1,38.0,38,3420,419,,,Aston Villa,23,28.1,,2000-2001
462,,,,,0.45,1.13,1.05,0.61,0.68,,,,,,17,1.0,58.0,43,23,26,3,5,38.0,38,3420,366,,,Bradford City,30,30.2,,2000-2001
463,,,,,0.87,2.11,2.03,1.16,1.24,,,,,,33,2.0,47.0,80,44,47,3,3,38.0,38,3420,418,,,Charlton Ath,27,26.8,,2000-2001
464,,,,,1.29,3.05,2.95,1.66,1.76,,,,,,49,2.0,75.0,116,63,67,4,4,38.0,38,3420,411,,,Chelsea,27,28.1,,2000-2001
465,,,,,0.58,1.45,1.37,0.79,0.87,,,,,,22,2.0,76.0,55,30,33,3,3,38.0,38,3420,418,,,Coventry City,28,25.7,,2000-2001
466,,,,,0.63,1.58,1.53,0.89,0.95,,,,,,24,3.0,79.0,60,34,36,2,3,38.0,38,3420,415,,,Derby County,32,25.3,,2000-2001
467,,,,,0.74,1.92,1.79,1.05,1.18,,,,,,28,4.0,78.0,73,40,45,5,7,38.0,38,3420,414,,,Everton,31,27.0,,2000-2001
468,,,,,1.03,2.5,2.42,1.39,1.47,,,,,,39,2.0,32.0,95,53,56,3,3,38.0,38,3420,438,,,Ipswich Town,23,26.3,,2000-2001
469,,,,,1.16,2.82,2.74,1.58,1.66,,,,,,44,3.0,72.0,107,60,63,3,4,38.0,38,3420,425,,,Leeds United,26,24.6,,2000-2001
470,,,,,0.82,1.84,1.76,0.95,1.03,,,,,,31,2.0,57.0,70,36,39,3,3,38.0,38,3420,425,,,Leicester City,29,27.4,,2000-2001
471,,,,,1.26,3.11,3.03,1.76,1.84,,,,,,48,4.0,53.0,118,67,70,3,4,38.0,38,3420,415,,,Liverpool,26,25.4,,2000-2001
472,,,,,0.74,1.74,1.68,0.95,1.0,,,,,,28,3.0,68.0,66,36,38,2,2,38.0,38,3420,434,,,Manchester City,30,26.1,,2000-2001
473,,,,,1.58,3.61,3.55,1.97,2.03,,,,,,60,3.0,44.0,137,75,77,2,3,38.0,38,3420,418,,,Manchester Utd,29,26.9,,2000-2001
474,,,,,0.66,1.79,1.71,1.05,1.13,,,,,,25,6.0,73.0,68,40,43,3,3,38.0,38,3420,438,,,Middlesbrough,28,29.3,,2000-2001
475,,,,,0.71,1.82,1.68,0.97,1.11,,,,,,27,5.0,48.0,69,37,42,5,7,38.0,38,3420,424,,,Newcastle Utd,29,26.0,,2000-2001
476,,,,,0.74,1.79,1.79,1.05,1.05,,,,,,28,1.0,49.0,68,40,40,0,0,38.0,38,3420,433,,,Southampton,24,27.1,,2000-2001
477,,,,,0.84,2.05,2.0,1.16,1.21,,,,,,32,5.0,78.0,78,44,46,2,4,38.0,38,3420,395,,,Sunderland,28,26.4,,2000-2001
478,,,,,0.82,2.03,1.95,1.13,1.21,,,,,,31,3.0,47.0,77,43,46,3,4,38.0,38,3420,418,,,Tottenham,29,26.3,,2000-2001
479,,,,,0.79,1.97,1.87,1.08,1.18,,,,,,30,2.0,70.0,75,41,45,4,4,38.0,38,3420,409,,,West Ham,34,27.7,,2000-2001
480,,,,,1.29,3.16,3.08,1.79,1.87,,,,,,49,5.0,61.0,120,68,71,3,5,38.0,38,3420,417,,,Arsenal,30,28.3,,1999-2000
481,,,,,1.08,2.34,2.26,1.18,1.26,,,,,,41,1.0,58.0,89,45,48,3,5,38.0,38,3420,420,,,Aston Villa,25,26.6,,1999-2000
482,,,,,0.55,1.53,1.39,0.84,0.97,,,,,,21,1.0,49.0,58,32,37,5,5,38.0,38,3420,418,,,Bradford City,25,29.8,,1999-2000
483,,,,,1.18,2.45,2.42,1.24,1.26,,,,,,45,4.0,54.0,93,47,48,1,1,38.0,38,3420,434,,,Chelsea,27,28.9,,1999-2000
484,,,,,0.84,2.05,1.92,1.08,1.21,,,,,,32,1.0,49.0,78,41,46,5,5,38.0,38,3420,412,,,Coventry City,30,27.1,,1999-2000
485,,,,,0.74,1.84,1.79,1.05,1.11,,,,,,28,4.0,84.0,70,40,42,2,4,38.0,38,3420,418,,,Derby County,31,26.2,,1999-2000
486,,,,,1.26,2.79,2.63,1.37,1.53,,,,,,48,5.0,50.0,106,52,58,6,7,38.0,38,3420,437,,,Everton,28,27.4,,1999-2000
487,,,,,0.95,2.45,2.34,1.39,1.5,,,,,,36,3.0,72.0,93,53,57,4,6,38.0,38,3420,417,,,Leeds United,20,24.1,,1999-2000
488,,,,,0.89,2.29,2.21,1.32,1.39,,,,,,34,3.0,39.0,87,50,53,3,3,38.0,38,3420,417,,,Leicester City,26,27.8,,1999-2000
489,,,,,0.79,2.11,2.03,1.24,1.32,,,,,,30,4.0,55.0,80,47,50,3,5,38.0,38,3420,418,,,Liverpool,23,24.3,,1999-2000
490,,,,,1.82,4.29,4.21,2.39,2.47,,,,,,69,4.0,38.0,163,91,94,3,5,38.0,38,3420,417,,,Manchester Utd,29,26.8,,1999-2000
491,,,,,0.68,1.84,1.68,1.0,1.16,,,,,,26,3.0,75.0,70,38,44,6,9,38.0,38,3420,418,,,Middlesbrough,28,28.5,,1999-2000
492,,,,,1.13,2.71,2.55,1.42,1.58,,,,,,43,1.0,43.0,103,54,60,6,6,38.0,38,3420,418,,,Newcastle Utd,32,26.8,,1999-2000
493,,,,,0.63,1.53,1.45,0.82,0.89,,,,,,24,1.0,40.0,58,31,34,3,4,38.0,38,3420,399,,,Sheffield Weds,25,28.4,,1999-2000
494,,,,,0.84,1.95,1.92,1.08,1.11,,,,,,32,5.0,62.0,74,41,42,1,1,38.0,38,3420,402,,,Southampton,29,27.4,,1999-2000
495,,,,,1.03,2.53,2.37,1.34,1.5,,,,,,39,3.0,66.0,96,51,57,6,8,38.0,38,3420,417,,,Sunderland,27,26.9,,1999-2000
496,,,,,1.05,2.5,2.47,1.42,1.45,,,,,,40,1.0,75.0,95,54,55,1,1,38.0,38,3420,418,,,Tottenham,28,26.7,,1999-2000
497,,,,,0.74,1.66,1.61,0.87,0.92,,,,,,28,2.0,60.0,63,33,35,2,2,38.0,38,3420,419,,,Watford,31,26.2,,1999-2000
498,,,,,1.11,2.45,2.39,1.29,1.34,,,,,,42,6.0,61.0,93,49,51,2,2,38.0,38,3420,419,,,West Ham,28,26.7,,1999-2000
499,,,,,0.87,2.03,2.0,1.13,1.16,,,,,,33,4.0,43.0,77,43,44,1,1,38.0,38,3420,418,,,Wimbledon,26,26.7,,1999-2000
500,,,,,1.11,2.63,2.58,1.47,1.53,,,,,,42,7.0,71.0,100,56,58,2,4,38.0,38,3420,418,,,Arsenal,26,28.3,,1998-1999
501,,,,,0.84,2.16,2.11,1.26,1.32,,,,,,32,2.0,60.0,82,48,50,2,4,38.0,38,3420,436,,,Aston Villa,24,25.9,,1998-1999
502,,,,,0.74,1.63,1.58,0.84,0.89,,,,,,28,6.0,77.0,62,32,34,2,4,38.0,38,3420,411,,,Blackburn,30,25.5,,1998-1999
503,,,,,0.63,1.66,1.55,0.92,1.03,,,,,,24,3.0,59.0,63,35,39,4,6,38.0,38,3420,418,,,Charlton Ath,27,27.5,,1998-1999
504,,,,,1.0,2.47,2.39,1.39,1.47,,,,,,38,4.0,88.0,94,53,56,3,4,38.0,38,3420,419,,,Chelsea,26,28.5,,1998-1999
505,,,,,0.68,1.71,1.66,0.97,1.03,,,,,,26,1.0,70.0,65,37,39,2,2,38.0,38,3420,416,,,Coventry City,28,27.1,,1998-1999
506,,,,,0.68,1.74,1.63,0.95,1.05,,,,,,26,1.0,76.0,66,36,40,4,6,38.0,38,3420,417,,,Derby County,30,26.1,,1998-1999
507,,,,,0.74,1.89,1.82,1.08,1.16,,,,,,28,5.0,90.0,72,41,44,3,6,38.0,38,3420,436,,,Everton,34,25.1,,1998-1999
508,,,,,1.0,2.61,2.55,1.55,1.61,,,,,,38,1.0,79.0,99,59,61,2,3,38.0,38,3420,424,,,Leeds United,24,24.8,,1998-1999
509,,,,,0.84,1.89,1.84,1.0,1.05,,,,,,32,1.0,51.0,72,38,40,2,3,38.0,38,3420,424,,,Leicester City,24,27.4,,1998-1999
510,,,,,1.13,2.92,2.74,1.61,1.79,,,,,,43,3.0,67.0,111,61,68,7,7,38.0,38,3420,412,,,Liverpool,25,25.7,,1998-1999
511,,,,,1.63,3.68,3.63,2.0,2.05,,,,,,62,3.0,58.0,140,76,78,2,4,38.0,38,3420,419,,,Manchester Utd,23,26.5,,1998-1999
512,,,,,0.79,2.03,2.0,1.21,1.24,,,,,,30,4.0,55.0,77,46,47,1,1,38.0,38,3420,417,,,Middlesbrough,29,28.4,,1998-1999
513,,,,,0.68,1.92,1.76,1.08,1.24,,,,,,26,2.0,79.0,73,41,47,6,7,38.0,38,3420,399,,,Newcastle Utd,34,25.6,,1998-1999
514,,,,,0.61,1.53,1.47,0.87,0.92,,,,,,23,6.0,85.0,58,33,35,2,2,38.0,38,3420,417,,,Nott'ham Forest,33,26.9,,1998-1999
515,,,,,0.76,1.79,1.76,1.0,1.03,,,,,,29,4.0,47.0,68,38,39,1,2,38.0,38,3420,409,,,Sheffield Weds,31,27.7,,1998-1999
516,,,,,0.71,1.63,1.61,0.89,0.92,,,,,,27,2.0,75.0,62,34,35,1,1,38.0,38,3420,394,,,Southampton,31,27.9,,1998-1999
517,,,,,0.87,2.13,2.08,1.21,1.26,,,,,,33,5.0,68.0,81,46,48,2,3,38.0,38,3420,424,,,Tottenham,29,26.6,,1998-1999
518,,,,,0.84,2.11,2.08,1.24,1.26,,,,,,32,4.0,80.0,80,47,48,1,1,38.0,38,3420,417,,,West Ham,29,26.3,,1998-1999
519,,,,,0.87,1.92,1.89,1.03,1.05,,,,,,33,1.0,57.0,73,39,40,1,1,38.0,38,3420,418,,,Wimbledon,23,26.9,,1998-1999
520,,,,,1.47,3.21,3.08,1.61,1.74,,,,,,56,4.0,72.0,122,61,66,5,6,38.0,38,3420,415,,,Arsenal,26,28.2,,1997-1998
521,,,,,1.03,2.32,2.24,1.21,1.29,,,,,,39,2.0,45.0,88,46,49,3,4,38.0,38,3420,416,,,Aston Villa,22,25.8,,1997-1998
522,,,,,0.47,1.45,1.37,0.89,0.97,,,,,,18,5.0,68.0,55,34,37,3,5,38.0,38,3420,387,,,Barnsley,26,26.2,,1997-1998
523,,,,,1.42,2.87,2.82,1.39,1.45,,,,,,54,4.0,58.0,109,53,55,2,2,38.0,38,3420,410,,,Blackburn,24,26.9,,1997-1998
524,,,,,0.87,1.95,1.87,1.0,1.08,,,,,,33,5.0,68.0,74,38,41,3,3,38.0,38,3420,433,,,Bolton,28,28.0,,1997-1998
525,,,,,1.74,3.5,3.34,1.61,1.76,,,,,,66,3.0,68.0,133,61,67,6,6,38.0,38,3420,416,,,Chelsea,28,27.9,,1997-1998
526,,,,,0.84,2.05,1.92,1.08,1.21,,,,,,32,5.0,70.0,78,41,46,5,7,38.0,38,3420,398,,,Coventry City,26,27.3,,1997-1998
527,,,,,0.71,1.63,1.61,0.89,0.92,,,,,,27,3.0,72.0,62,34,35,1,2,38.0,38,3420,389,,,Crystal Palace,36,25.6,,1997-1998
528,,,,,0.95,2.32,2.18,1.24,1.37,,,,,,36,2.0,80.0,88,47,52,5,6,38.0,38,3420,416,,,Derby County,28,25.5,,1997-1998
529,,,,,0.79,1.79,1.79,1.0,1.0,,,,,,30,5.0,77.0,68,38,38,0,0,38.0,38,3420,401,,,Everton,34,25.9,,1997-1998
530,,,,,1.13,2.5,2.47,1.34,1.37,,,,,,43,5.0,76.0,95,51,52,1,2,38.0,38,3420,418,,,Leeds United,22,25.7,,1997-1998
531,,,,,1.05,2.39,2.29,1.24,1.34,,,,,,40,2.0,43.0,91,47,51,4,4,38.0,38,3420,418,,,Leicester City,22,26.6,,1997-1998
532,,,,,1.5,3.29,3.18,1.68,1.79,,,,,,57,2.0,52.0,125,64,68,4,5,38.0,38,3420,416,,,Liverpool,24,25.4,,1997-1998
533,,,,,1.5,3.29,3.21,1.71,1.79,,,,,,57,1.0,61.0,125,65,68,3,6,38.0,38,3420,418,,,Manchester Utd,29,26.3,,1997-1998
534,,,,,0.66,1.58,1.55,0.89,0.92,,,,,,25,3.0,61.0,60,34,35,1,2,38.0,38,3420,411,,,Newcastle Utd,26,27.2,,1997-1998
535,,,,,1.16,2.5,2.42,1.26,1.34,,,,,,44,4.0,68.0,95,48,51,3,3,38.0,38,3420,430,,,Sheffield Weds,34,27.7,,1997-1998
536,,,,,0.97,2.24,2.11,1.13,1.26,,,,,,37,4.0,58.0,85,43,48,5,5,38.0,38,3420,413,,,Southampton,31,27.5,,1997-1998
537,,,,,1.03,2.18,2.18,1.16,1.16,,,,,,39,2.0,56.0,83,44,44,0,2,38.0,38,3420,415,,,Tottenham,28,27.3,,1997-1998
538,,,,,1.11,2.5,2.47,1.37,1.39,,,,,,42,5.0,62.0,95,52,53,1,1,38.0,38,3420,413,,,West Ham,29,25.3,,1997-1998
539,,,,,0.76,1.61,1.58,0.82,0.84,,,,,,29,2.0,56.0,61,31,32,1,1,38.0,38,3420,429,,,Wimbledon,27,26.5,,1997-1998
540,,,,,0.95,2.5,2.29,1.34,1.55,,,,,,36,4.0,74.0,95,51,59,8,8,38.0,38,3420,402,,,Arsenal,28,29.3,,1996-1997
541,,,,,0.84,2.05,1.95,1.11,1.21,,,,,,32,0.0,51.0,78,42,46,4,5,38.0,38,3420,418,,,Aston Villa,21,25.4,,1996-1997
542,,,,,0.95,2.05,2.0,1.05,1.11,,,,,,36,1.0,72.0,78,40,42,2,3,38.0,38,3420,422,,,Blackburn,25,27.0,,1996-1997
543,,,,,1.24,2.71,2.61,1.37,1.47,,,,,,47,1.0,81.0,103,52,56,4,5,38.0,38,3420,414,,,Chelsea,31,28.1,,1996-1997
544,,,,,0.76,1.71,1.63,0.87,0.95,,,,,,29,4.0,64.0,65,33,36,3,3,38.0,38,3420,411,,,Coventry City,25,28.0,,1996-1997
545,,,,,0.89,2.0,1.92,1.03,1.11,,,,,,34,1.0,60.0,76,39,42,3,4,38.0,38,3420,414,,,Derby County,26,26.1,,1996-1997
546,,,,,0.95,2.13,2.03,1.08,1.18,,,,,,36,2.0,56.0,81,41,45,4,6,38.0,38,3420,430,,,Everton,26,27.1,,1996-1997
547,,,,,0.58,1.29,1.29,0.71,0.71,,,,,,22,1.0,89.0,49,27,27,0,1,38.0,38,3420,403,,,Leeds United,30,26.9,,1996-1997
548,,,,,0.76,1.92,1.84,1.08,1.16,,,,,,29,1.0,68.0,73,41,44,3,6,38.0,38,3420,424,,,Leicester City,24,26.4,,1996-1997
549,,,,,1.26,2.79,2.74,1.47,1.53,,,,,,48,1.0,51.0,106,56,58,2,3,38.0,38,3420,412,,,Liverpool,23,26.2,,1996-1997
550,,,,,1.24,3.08,2.97,1.74,1.84,,,,,,47,1.0,71.0,117,66,70,4,6,38.0,38,3420,413,,,Manchester Utd,23,25.8,,1996-1997
551,,,,,0.76,2.08,1.95,1.18,1.32,,,,,,29,3.0,90.0,79,45,50,5,8,38.0,38,3420,403,,,Middlesbrough,30,26.2,,1996-1997
552,,,,,1.26,3.16,3.03,1.76,1.89,,,,,,48,1.0,74.0,120,67,72,5,7,38.0,38,3420,400,,,Newcastle Utd,20,27.3,,1996-1997
553,,,,,0.58,1.39,1.34,0.76,0.82,,,,,,22,1.0,67.0,53,29,31,2,3,38.0,38,3420,415,,,Nott'ham Forest,29,27.9,,1996-1997
554,,,,,0.76,2.08,2.03,1.26,1.32,,,,,,29,2.0,52.0,79,48,50,2,4,38.0,38,3420,418,,,Sheffield Weds,24,26.6,,1996-1997
555,,,,,0.97,2.21,2.05,1.08,1.24,,,,,,37,6.0,79.0,84,41,47,6,7,38.0,38,3420,416,,,Southampton,31,25.9,,1996-1997
556,,,,,0.58,1.42,1.32,0.74,0.84,,,,,,22,5.0,50.0,54,28,32,4,6,38.0,38,3420,369,,,Sunderland,25,28.4,,1996-1997
557,,,,,0.84,1.97,1.92,1.08,1.13,,,,,,32,1.0,70.0,75,41,43,2,3,38.0,38,3420,415,,,Tottenham,26,26.7,,1996-1997
558,,,,,0.92,1.97,1.84,0.92,1.05,,,,,,35,2.0,70.0,75,35,40,5,6,38.0,38,3420,412,,,West Ham,32,27.9,,1996-1997
559,,,,,0.95,2.21,2.21,1.26,1.26,,,,,,36,1.0,51.0,84,48,48,0,1,38.0,38,3420,418,,,Wimbledon,24,26.6,,1996-1997
560,,,,,0.92,2.21,2.13,1.21,1.29,,,,,,35,2.0,62.0,84,46,49,3,5,38.0,38,3420,418,,,Arsenal,25,28.8,,1995-1996
561,,,,,0.97,2.26,2.21,1.24,1.29,,,,,,37,2.0,46.0,86,47,49,2,2,38.0,38,3420,415,,,Aston Villa,24,25.3,,1995-1996
562,,,,,1.18,2.76,2.68,1.5,1.58,,,,,,45,4.0,66.0,105,57,60,3,3,38.0,38,3420,427,,,Blackburn,26,26.6,,1995-1996
563,,,,,0.71,1.74,1.66,0.95,1.03,,,,,,27,3.0,64.0,66,36,39,3,3,38.0,38,3420,418,,,Bolton,28,27.1,,1995-1996
564,,,,,0.89,2.08,2.0,1.11,1.18,,,,,,34,3.0,65.0,79,42,45,3,4,38.0,38,3420,434,,,Chelsea,25,27.5,,1995-1996
565,,,,,0.82,1.92,1.89,1.08,1.11,,,,,,31,3.0,62.0,73,41,42,1,2,38.0,38,3420,422,,,Coventry City,26,27.1,,1995-1996
566,,,,,1.18,2.84,2.74,1.55,1.66,,,,,,45,3.0,64.0,108,59,63,4,4,38.0,38,3420,423,,,Everton,24,27.7,,1995-1996
567,,,,,0.74,1.74,1.68,0.95,1.0,,,,,,28,4.0,59.0,66,36,38,2,3,38.0,38,3420,403,,,Leeds United,31,27.1,,1995-1996
568,,,,,1.42,3.21,3.18,1.76,1.79,,,,,,54,0.0,39.0,122,67,68,1,1,38.0,38,3420,421,,,Liverpool,19,25.7,,1995-1996
569,,,,,0.68,1.55,1.53,0.84,0.87,,,,,,26,6.0,67.0,59,32,33,1,2,38.0,38,3420,386,,,Manchester City,27,26.1,,1995-1996
570,,,,,1.63,3.53,3.42,1.79,1.89,,,,,,62,3.0,50.0,134,68,72,4,4,38.0,38,3420,422,,,Manchester Utd,23,25.5,,1995-1996
571,,,,,0.71,1.61,1.53,0.82,0.89,,,,,,27,3.0,72.0,61,31,34,3,4,38.0,38,3420,418,,,Middlesbrough,30,26.0,,1995-1996
572,,,,,1.42,3.21,3.13,1.71,1.79,,,,,,54,1.0,47.0,122,65,68,3,4,38.0,38,3420,401,,,Newcastle Utd,22,27.0,,1995-1996
573,,,,,0.92,2.18,2.11,1.18,1.26,,,,,,35,2.0,46.0,83,45,48,3,3,38.0,38,3420,407,,,Nott'ham Forest,22,26.0,,1995-1996
574,,,,,0.87,1.84,1.84,0.97,0.97,,,,,,33,4.0,75.0,70,37,37,0,1,38.0,38,3420,419,,,QPR,27,26.2,,1995-1996
575,,,,,0.97,2.24,2.13,1.16,1.26,,,,,,37,1.0,37.0,85,44,48,4,4,38.0,38,3420,401,,,Sheffield Weds,28,27.9,,1995-1996
576,,,,,0.55,1.42,1.32,0.76,0.87,,,,,,21,2.0,62.0,54,29,33,4,4,38.0,38,3420,417,,,Southampton,25,26.2,,1995-1996
577,,,,,1.0,2.24,2.18,1.18,1.24,,,,,,38,0.0,52.0,85,45,47,2,2,38.0,38,3420,424,,,Tottenham,23,27.4,,1995-1996
578,,,,,0.76,1.89,1.76,1.0,1.13,,,,,,29,4.0,51.0,72,38,43,5,6,38.0,38,3420,422,,,West Ham,31,28.2,,1995-1996
579,,,,,1.03,2.45,2.39,1.37,1.42,,,,,,39,7.0,55.0,93,52,54,2,2,38.0,38,3420,421,,,Wimbledon,30,27.0,,1995-1996
580,,,,,0.98,2.26,2.19,1.21,1.29,,,,,,41,4.0,60.0,95,51,54,3,4,42.0,42,3780,471,,,Arsenal,30,27.7,,1994-1995
581,,,,,0.93,2.07,2.05,1.12,1.14,,,,,,39,3.0,59.0,87,47,48,1,1,42.0,42,3780,423,,,Aston Villa,25,27.5,,1994-1995
582,,,,,1.38,3.24,3.0,1.62,1.86,,,,,,58,4.0,50.0,136,68,78,10,12,42.0,42,3780,482,,,Blackburn,21,25.5,,1994-1995
583,,,,,0.93,2.05,2.02,1.1,1.12,,,,,,39,3.0,56.0,86,46,47,1,2,42.0,42,3780,456,,,Chelsea,23,26.4,,1994-1995
584,,,,,0.86,1.86,1.74,0.88,1.0,,,,,,36,3.0,52.0,78,37,42,5,5,42.0,42,3780,500,,,Coventry City,29,27.7,,1994-1995
585,,,,,0.52,1.31,1.29,0.76,0.79,,,,,,22,1.0,56.0,55,32,33,1,3,42.0,42,3780,436,,,Crystal Palace,24,25.5,,1994-1995
586,,,,,0.93,1.95,1.93,1.0,1.02,,,,,,39,6.0,70.0,82,42,43,1,3,42.0,42,3780,466,,,Everton,26,27.0,,1994-1995
587,,,,,0.5,1.14,1.07,0.57,0.64,,,,,,21,2.0,51.0,48,24,27,3,3,42.0,42,3780,405,,,Ipswich Town,32,28.1,,1994-1995
588,,,,,1.1,2.43,2.36,1.26,1.33,,,,,,46,0.0,70.0,102,53,56,3,4,42.0,42,3780,458,,,Leeds United,20,26.8,,1994-1995
589,,,,,0.64,1.74,1.74,1.1,1.1,,,,,,27,8.0,62.0,73,46,46,0,1,42.0,42,3780,467,,,Leicester City,30,26.2,,1994-1995
590,,,,,1.1,2.52,2.4,1.31,1.43,,,,,,46,1.0,43.0,106,55,60,5,6,42.0,42,3780,463,,,Liverpool,21,25.4,,1994-1995
591,,,,,1.1,2.36,2.33,1.24,1.26,,,,,,46,5.0,62.0,99,52,53,1,2,42.0,42,3780,459,,,Manchester City,26,26.8,,1994-1995
592,,,,,1.38,3.19,3.1,1.71,1.81,,,,,,58,3.0,59.0,134,72,76,4,4,42.0,42,3780,460,,,Manchester Utd,24,26.8,,1994-1995
593,,,,,1.29,2.86,2.76,1.48,1.57,,,,,,54,4.0,48.0,120,62,66,4,5,42.0,42,3780,463,,,Newcastle Utd,22,26.4,,1994-1995
594,,,,,0.64,1.38,1.33,0.69,0.74,,,,,,27,1.0,68.0,58,29,31,2,3,42.0,42,3780,445,,,Norwich City,24,25.8,,1994-1995
595,,,,,1.62,3.31,3.19,1.57,1.69,,,,,,68,1.0,58.0,139,66,71,5,6,42.0,42,3780,462,,,Nott'ham Forest,20,25.7,,1994-1995
596,,,,,1.12,2.55,2.55,1.43,1.43,,,,,,47,4.0,70.0,107,60,60,0,1,42.0,42,3780,461,,,QPR,22,26.8,,1994-1995
597,,,,,0.81,1.95,1.93,1.12,1.14,,,,,,34,2.0,54.0,82,47,48,1,2,42.0,42,3780,463,,,Sheffield Weds,24,26.8,,1994-1995
598,,,,,0.86,2.31,2.24,1.38,1.45,,,,,,36,0.0,70.0,97,58,61,3,3,42.0,42,3780,441,,,Southampton,26,25.6,,1994-1995
599,,,,,1.17,2.64,2.6,1.43,1.48,,,,,,49,2.0,46.0,111,60,62,2,3,42.0,42,3780,458,,,Tottenham,24,26.0,,1994-1995
600,,,,,0.76,1.81,1.69,0.93,1.05,,,,,,32,4.0,66.0,76,39,44,5,5,42.0,42,3780,461,,,West Ham,26,28.0,,1994-1995
601,,,,,0.81,1.76,1.69,0.88,0.95,,,,,,34,6.0,70.0,74,37,40,3,4,42.0,42,3780,414,,,Wimbledon,25,26.7,,1994-1995
602,,,,,0.64,1.83,1.74,1.1,1.19,,,,,,27,1.0,34.0,77,46,50,4,5,42.0,42,3780,452,,,Arsenal,22,27.6,,1993-1994
603,,,,,0.67,1.74,1.67,1.0,1.07,,,,,,28,1.0,22.0,73,42,45,3,3,42.0,42,3780,458,,,Aston Villa,25,27.5,,1993-1994
604,,,,,1.0,2.5,2.43,1.43,1.5,,,,,,42,0.0,29.0,105,60,63,3,4,42.0,42,3780,481,,,Blackburn,22,25.4,,1993-1994
605,,,,,0.67,1.88,1.81,1.14,1.21,,,,,,28,2.0,27.0,79,48,51,3,5,42.0,42,3780,481,,,Chelsea,25,25.7,,1993-1994
606,,,,,0.6,1.62,1.55,0.95,1.02,,,,,,25,0.0,14.0,68,40,43,3,5,42.0,42,3780,466,,,Coventry City,27,26.1,,1993-1994
607,,,,,0.55,1.57,1.5,0.95,1.02,,,,,,23,0.0,34.0,66,40,43,3,4,42.0,42,3780,467,,,Everton,22,27.6,,1993-1994
608,,,,,0.45,1.19,1.14,0.69,0.74,,,,,,19,0.0,24.0,50,29,31,2,3,42.0,42,3780,441,,,Ipswich Town,21,27.9,,1993-1994
609,,,,,0.9,2.4,2.38,1.48,1.5,,,,,,38,0.0,36.0,101,62,63,1,2,42.0,42,3780,468,,,Leeds United,25,26.3,,1993-1994
610,,,,,0.83,2.12,2.0,1.17,1.29,,,,,,35,1.0,31.0,89,49,54,5,7,42.0,42,3780,465,,,Liverpool,23,26.5,,1993-1994
611,,,,,0.36,1.19,1.17,0.81,0.83,,,,,,15,0.0,34.0,50,34,35,1,2,42.0,42,3780,433,,,Manchester City,31,26.0,,1993-1994
612,,,,,1.31,3.19,3.12,1.81,1.88,,,,,,55,2.0,31.0,134,76,79,3,3,42.0,42,3780,468,,,Manchester Utd,23,27.1,,1993-1994
613,,,,,1.19,3.1,2.88,1.69,1.9,,,,,,50,1.0,21.0,130,71,80,9,10,42.0,42,3780,440,,,Newcastle Utd,25,25.9,,1993-1994
614,,,,,0.93,2.45,2.43,1.5,1.52,,,,,,39,2.0,25.0,103,63,64,1,1,42.0,42,3780,470,,,Norwich City,24,27.1,,1993-1994
615,,,,,0.6,1.55,1.52,0.93,0.95,,,,,,25,4.0,32.0,65,39,40,1,2,42.0,42,3780,453,,,Oldham Athletic,27,26.2,,1993-1994
616,,,,,0.88,2.31,2.19,1.31,1.43,,,,,,37,3.0,27.0,97,55,60,5,6,42.0,42,3780,461,,,QPR,22,27.3,,1993-1994
617,,,,,0.62,1.6,1.6,0.98,0.98,,,,,,26,4.0,38.0,67,41,41,0,0,42.0,42,3780,447,,,Sheffield Utd,27,26.3,,1993-1994
618,,,,,1.12,2.81,2.76,1.64,1.69,,,,,,47,2.0,21.0,118,69,71,2,3,42.0,42,3780,450,,,Sheffield Weds,26,26.8,,1993-1994
619,,,,,0.71,1.9,1.74,1.02,1.19,,,,,,30,1.0,40.0,80,43,50,7,7,42.0,42,3780,438,,,Southampton,30,27.0,,1993-1994
620,,,,,0.67,1.74,1.57,0.9,1.07,,,,,,28,1.0,38.0,73,38,45,7,8,42.0,42,3780,464,,,Swindon Town,24,27.4,,1993-1994
621,,,,,0.74,2.0,1.95,1.21,1.26,,,,,,31,1.0,23.0,84,51,53,2,4,42.0,42,3780,485,,,Tottenham,30,25.3,,1993-1994
622,,,,,0.69,1.74,1.69,1.0,1.05,,,,,,29,1.0,22.0,73,42,44,2,3,42.0,42,3780,424,,,West Ham,24,28.4,,1993-1994
623,,,,,0.67,1.83,1.81,1.14,1.17,,,,,,28,0.0,38.0,77,48,49,1,2,42.0,42,3780,440,,,Wimbledon,24,26.4,,1993-1994
624,,,,,0.81,1.76,1.76,0.95,0.95,,,,,,34,1.0,34.0,74,40,40,0,0,42.0,42,3780,462,,,Arsenal,29,26.4,,1992-1993
625,,,,,0.98,2.31,2.26,1.29,1.33,,,,,,41,0.0,23.0,97,54,56,2,3,42.0,42,3780,462,,,Aston Villa,24,27.0,,1992-1993
626,,,,,1.24,2.81,2.74,1.5,1.57,,,,,,52,3.0,37.0,118,63,66,3,4,42.0,42,3780,480,,,Blackburn,24,26.0,,1992-1993
627,,,,,0.95,2.14,2.12,1.17,1.19,,,,,,40,2.0,41.0,90,49,50,1,1,42.0,42,3780,452,,,Chelsea,31,26.3,,1992-1993
628,,,,,0.64,1.79,1.74,1.1,1.14,,,,,,27,1.0,31.0,75,46,48,2,3,42.0,42,3780,453,,,Coventry City,30,26.4,,1992-1993
629,,,,,0.71,1.79,1.79,1.07,1.07,,,,,,30,3.0,27.0,75,45,45,0,1,42.0,42,3780,457,,,Crystal Palace,23,25.1,,1992-1993
630,,,,,0.79,2.0,1.9,1.12,1.21,,,,,,33,3.0,26.0,84,47,51,4,4,42.0,42,3780,462,,,Everton,26,27.9,,1992-1993
631,,,,,0.69,1.88,1.79,1.1,1.19,,,,,,29,1.0,31.0,79,46,50,4,5,42.0,42,3780,462,,,Ipswich Town,22,27.5,,1992-1993
632,,,,,0.83,2.14,2.02,1.19,1.31,,,,,,35,0.0,40.0,90,50,55,5,5,42.0,42,3780,461,,,Leeds United,30,27.0,,1992-1993
633,,,,,1.07,2.52,2.33,1.26,1.45,,,,,,45,3.0,26.0,106,53,61,8,9,42.0,42,3780,462,,,Liverpool,25,25.7,,1992-1993
634,,,,,1.0,2.26,2.19,1.19,1.26,,,,,,42,1.0,43.0,95,50,53,3,4,42.0,42,3780,461,,,Manchester City,23,26.3,,1992-1993
635,,,,,0.83,2.4,2.36,1.52,1.57,,,,,,35,0.0,28.0,101,64,66,2,2,42.0,42,3780,461,,,Manchester Utd,20,26.6,,1992-1993
636,,,,,0.93,2.1,2.07,1.14,1.17,,,,,,39,2.0,42.0,88,48,49,1,2,42.0,42,3780,468,,,Middlesbrough,26,26.6,,1992-1993
637,,,,,1.02,2.4,2.33,1.31,1.38,,,,,,43,0.0,19.0,101,55,58,3,4,42.0,42,3780,455,,,Norwich City,20,26.4,,1992-1993
638,,,,,0.71,1.69,1.6,0.88,0.98,,,,,,30,1.0,22.0,71,37,41,4,5,42.0,42,3780,458,,,Nott'ham Forest,23,25.1,,1992-1993
639,,,,,1.0,2.45,2.43,1.43,1.45,,,,,,42,0.0,35.0,103,60,61,1,2,42.0,42,3780,466,,,Oldham Athletic,24,25.5,,1992-1993
640,,,,,1.07,2.52,2.45,1.38,1.45,,,,,,45,0.0,30.0,106,58,61,3,4,42.0,42,3780,455,,,QPR,23,26.6,,1992-1993
641,,,,,0.86,2.05,2.02,1.17,1.19,,,,,,36,4.0,53.0,86,49,50,1,2,42.0,42,3780,440,,,Sheffield Utd,23,25.8,,1992-1993
642,,,,,0.95,2.24,2.17,1.21,1.29,,,,,,40,1.0,31.0,94,51,54,3,3,42.0,42,3780,463,,,Sheffield Weds,25,27.8,,1992-1993
643,,,,,0.9,2.19,2.14,1.24,1.29,,,,,,38,3.0,51.0,92,52,54,2,2,42.0,42,3780,455,,,Southampton,25,26.3,,1992-1993
644,,,,,0.79,2.17,2.17,1.38,1.38,,,,,,33,1.0,36.0,91,58,58,0,0,42.0,42,3780,454,,,Tottenham,31,24.9,,1992-1993
645,,,,,0.95,2.24,2.19,1.24,1.29,,,,,,40,3.0,48.0,94,52,54,2,3,42.0,42,3780,452,,,Wimbledon,27,25.9,,1992-1993
