,Squad,npxG,npxG,npxG+xAG,npxG+xAG,xAG,xAG,xG,xG,Ast,Ast,G+A,G+A,G+A-PK,G-PK,G-PK,Gls,Gls,xG+xAG,CrdR,CrdY,PK,PKatt,90s,MP,Min,Starts,PrgC,PrgP,# Pl,Age,Poss,Season
1,Arsenal,16.5,1.38,29.3,2.44,12.7,1.06,21.0,1.75,1.17,14,3.25,39,2.75,1.58,19,2.08,25,2.81,2.0,18.0,6,6,12.0,12,1080,132,245.0,630.0,23,25.2,60.7,2023-2024
2,Aston Villa,21.2,1.77,37.9,3.16,16.7,1.39,23.5,1.96,1.5,18,3.67,44,3.42,1.92,23,2.17,26,3.35,0.0,28.0,3,3,12.0,12,1080,132,254.0,496.0,23,27.1,53.8,2023-2024
3,Bournemouth,13.8,1.15,23.1,1.93,9.3,0.77,13.8,1.15,0.5,6,1.42,17,1.42,0.92,11,0.92,11,1.93,1.0,20.0,0,0,12.0,12,1080,132,197.0,352.0,25,25.7,42.9,2023-2024
4,Brentford,20.8,1.73,37.5,3.12,16.7,1.39,22.1,1.84,1.08,13,2.58,31,2.42,1.33,16,1.5,18,3.23,0.0,30.0,2,2,12.0,12,1080,132,172.0,456.0,25,26.6,47.7,2023-2024
5,Brighton,20.0,1.67,36.5,3.04,16.5,1.38,20.8,1.73,1.5,18,3.42,41,3.33,1.83,22,1.92,23,3.11,1.0,30.0,1,1,12.0,12,1080,132,284.0,546.0,25,27.2,61.4,2023-2024
6,Burnley,9.9,0.83,17.9,1.49,8.0,0.67,9.9,0.83,0.67,8,1.42,17,1.42,0.75,9,0.75,9,1.49,3.0,25.0,0,0,12.0,12,1080,132,204.0,343.0,25,25.1,49.9,2023-2024
7,Chelsea,21.3,1.78,37.3,3.11,16.0,1.33,25.2,2.1,1.0,12,2.67,32,2.33,1.33,16,1.67,20,3.44,1.0,40.0,4,5,12.0,12,1080,132,302.0,529.0,23,25.2,60.3,2023-2024
8,Crystal Palace,13.4,1.12,25.0,2.08,11.6,0.97,14.2,1.18,0.83,10,1.83,22,1.75,0.92,11,1.0,12,2.15,0.0,22.0,1,1,12.0,12,1080,132,167.0,374.0,22,27.8,43.7,2023-2024
9,Everton,17.9,1.49,31.0,2.59,13.1,1.09,17.9,1.49,0.58,7,1.75,21,1.75,1.17,14,1.17,14,2.59,1.0,25.0,0,0,12.0,12,1080,132,174.0,329.0,23,27.5,40.0,2023-2024
10,Fulham,12.4,1.03,21.3,1.77,8.9,0.75,12.4,1.03,0.33,4,1.08,13,1.08,0.75,9,0.75,9,1.77,2.0,35.0,0,0,12.0,12,1080,132,194.0,417.0,23,29.4,48.7,2023-2024
11,Liverpool,23.2,1.93,42.2,3.52,19.0,1.58,26.5,2.21,1.42,17,3.5,42,3.25,1.83,22,2.08,25,3.79,4.0,22.0,3,4,12.0,12,1080,132,277.0,632.0,22,27.3,58.5,2023-2024
12,Luton Town,11.3,0.95,19.8,1.65,8.5,0.71,12.9,1.07,0.42,5,1.17,14,1.0,0.58,7,0.75,9,1.78,0.0,20.0,2,2,12.0,12,1080,132,179.0,337.0,23,27.2,36.2,2023-2024
13,Manchester City,21.3,1.78,39.8,3.32,18.5,1.54,24.4,2.03,2.0,24,4.67,56,4.42,2.42,29,2.67,32,3.58,2.0,23.0,3,4,12.0,12,1080,132,340.0,608.0,25,26.8,62.5,2023-2024
14,Manchester Utd,16.7,1.39,30.6,2.55,13.9,1.16,17.5,1.46,0.83,10,1.92,23,1.83,1.0,12,1.08,13,2.62,0.0,26.0,1,1,12.0,12,1080,132,249.0,578.0,25,27.3,54.3,2023-2024
15,Newcastle Utd,21.0,1.75,35.9,2.99,14.9,1.24,23.4,1.95,1.42,17,3.67,44,3.42,2.0,24,2.25,27,3.19,0.0,33.0,3,3,12.0,12,1080,132,219.0,464.0,25,28.1,53.1,2023-2024
16,Nott'ham Forest,13.2,1.1,22.6,1.88,9.4,0.78,13.2,1.1,1.0,12,2.17,26,2.17,1.17,14,1.17,14,1.88,2.0,34.0,0,0,12.0,12,1080,132,166.0,320.0,27,26.6,38.9,2023-2024
17,Sheffield Utd,8.1,0.67,12.9,1.08,4.8,0.4,9.7,0.8,0.25,3,0.83,10,0.67,0.42,5,0.58,7,1.21,1.0,35.0,2,2,12.0,12,1080,132,98.0,282.0,27,26.9,38.2,2023-2024
18,Tottenham,19.2,1.6,35.6,2.96,16.4,1.36,19.2,1.6,1.58,19,3.33,40,3.33,1.75,21,1.75,21,2.96,3.0,38.0,0,0,12.0,12,1080,132,305.0,639.0,24,25.5,59.5,2023-2024
19,West Ham,16.8,1.4,29.9,2.49,13.1,1.09,17.6,1.47,1.42,17,3.17,38,3.08,1.67,20,1.75,21,2.56,1.0,32.0,1,1,12.0,12,1080,132,186.0,387.0,20,28.9,42.1,2023-2024
20,Wolves,16.4,1.37,29.2,2.43,12.8,1.07,16.4,1.37,1.17,14,2.42,29,2.42,1.25,15,1.25,15,2.43,3.0,41.0,0,0,12.0,12,1080,132,230.0,373.0,21,27.0,47.8,2023-2024
21,Arsenal,69.1,1.82,122.9,3.23,53.8,1.41,71.9,1.89,1.68,64,3.89,148,3.82,2.13,81,2.21,84,3.31,0.0,51.0,3,4,38.0,38,3420,418,824.0,2049.0,26,24.7,59.3,2022-2023
22,Aston Villa,47.2,1.24,86.0,2.26,38.8,1.02,50.2,1.32,0.92,35,2.21,84,2.13,1.21,46,1.29,49,2.34,1.0,80.0,3,4,38.0,38,3420,418,637.0,1242.0,26,27.0,49.3,2022-2023
23,Bournemouth,38.6,1.02,67.1,1.76,28.5,0.75,38.6,1.02,0.63,24,1.61,61,1.61,0.97,37,0.97,37,1.76,0.0,68.0,0,0,38.0,38,3420,418,504.0,1006.0,31,26.3,40.4,2022-2023
24,Brentford,50.6,1.33,89.2,2.35,38.7,1.02,56.8,1.49,0.95,36,2.42,92,2.24,1.29,49,1.47,56,2.51,1.0,57.0,7,8,38.0,38,3420,418,392.0,1131.0,25,26.2,43.8,2022-2023
25,Brighton,68.9,1.81,121.2,3.19,52.2,1.37,73.3,1.93,1.21,46,3.0,114,2.84,1.63,62,1.79,68,3.3,0.0,58.0,6,6,38.0,38,3420,418,809.0,1849.0,29,26.3,60.2,2022-2023
26,Chelsea,47.2,1.24,85.8,2.26,38.6,1.02,49.5,1.3,0.71,27,1.68,64,1.61,0.89,34,0.97,37,2.32,3.0,81.0,3,3,38.0,38,3420,418,829.0,1737.0,32,26.3,58.7,2022-2023
27,Crystal Palace,36.8,0.97,65.8,1.73,29.0,0.76,39.3,1.03,0.76,29,1.76,67,1.74,0.97,37,1.0,38,1.8,3.0,82.0,1,3,38.0,38,3420,418,556.0,1243.0,26,26.7,46.3,2022-2023
28,Everton,42.8,1.13,75.1,1.98,32.4,0.85,45.2,1.19,0.63,24,1.47,56,1.39,0.76,29,0.84,32,2.04,2.0,81.0,3,3,38.0,38,3420,418,500.0,1052.0,28,26.6,42.8,2022-2023
29,Fulham,39.1,1.03,67.7,1.78,28.5,0.75,46.2,1.22,0.87,33,2.24,85,2.11,1.24,47,1.37,52,1.97,1.0,80.0,5,9,38.0,38,3420,418,662.0,1326.0,29,28.2,48.8,2022-2023
30,Leeds United,45.0,1.18,76.9,2.02,31.9,0.84,47.4,1.25,0.82,31,2.0,76,1.97,1.16,44,1.18,45,2.09,3.0,89.0,1,3,38.0,38,3420,418,555.0,1429.0,29,25.3,47.0,2022-2023
31,Leicester City,45.8,1.2,84.2,2.22,38.5,1.01,50.6,1.33,0.95,36,2.24,85,2.16,1.21,46,1.29,49,2.34,2.0,63.0,3,6,38.0,38,3420,418,580.0,1304.0,28,26.1,47.7,2022-2023
32,Liverpool,69.5,1.83,126.1,3.32,56.7,1.49,72.6,1.91,1.53,58,3.39,129,3.34,1.82,69,1.87,71,3.4,1.0,57.0,2,4,38.0,38,3420,418,719.0,1992.0,28,27.4,60.8,2022-2023
33,Manchester City,71.1,1.87,128.6,3.38,57.5,1.51,78.6,2.07,1.82,69,4.24,161,4.0,2.18,83,2.42,92,3.58,1.0,44.0,9,10,38.0,38,3420,418,987.0,2073.0,24,27.2,64.7,2022-2023
34,Manchester Utd,65.3,1.72,117.5,3.09,52.2,1.37,67.7,1.78,1.11,42,2.58,98,2.5,1.39,53,1.47,56,3.15,2.0,78.0,3,3,38.0,38,3420,418,711.0,1595.0,26,26.9,53.7,2022-2023
35,Newcastle Utd,67.4,1.77,119.3,3.14,51.9,1.37,72.0,1.89,1.11,42,2.79,106,2.63,1.53,58,1.68,64,3.26,1.0,61.0,6,6,38.0,38,3420,418,694.0,1618.0,27,27.3,52.3,2022-2023
36,Nott'ham Forest,34.6,0.91,61.0,1.6,26.3,0.69,39.3,1.03,0.58,22,1.53,58,1.45,0.87,33,0.95,36,1.73,0.0,84.0,3,6,38.0,38,3420,418,435.0,859.0,33,26.5,37.6,2022-2023
37,Southampton,34.5,0.91,62.7,1.65,28.2,0.74,37.7,0.99,0.66,25,1.61,61,1.55,0.89,34,0.95,36,1.73,0.0,73.0,2,4,38.0,38,3420,418,588.0,1125.0,36,24.7,44.5,2022-2023
38,Tottenham,52.4,1.38,95.5,2.51,43.1,1.13,57.1,1.5,1.21,46,3.0,114,2.87,1.66,63,1.79,68,2.64,3.0,77.0,5,6,38.0,38,3420,418,692.0,1449.0,29,27.6,50.0,2022-2023
39,West Ham,43.7,1.15,76.4,2.01,32.7,0.86,49.2,1.29,0.66,25,1.74,66,1.58,0.92,35,1.08,41,2.15,0.0,44.0,6,8,38.0,38,3420,418,614.0,1274.0,25,28.2,42.1,2022-2023
40,Wolves,34.5,0.91,59.9,1.58,25.4,0.67,36.8,0.97,0.32,12,1.05,40,0.97,0.66,25,0.74,28,1.64,6.0,85.0,3,3,38.0,38,3420,418,610.0,1343.0,32,26.7,49.9,2022-2023
41,Arsenal,55.1,1.45,95.4,2.51,40.2,1.06,60.5,1.59,1.08,41,2.66,101,2.53,1.45,55,1.58,60,2.65,4.0,67.0,5,8,38.0,38,3420,418,734.0,1655.0,27,24.4,52.8,2021-2022
42,Aston Villa,42.0,1.1,76.8,2.02,34.8,0.92,44.0,1.16,1.11,42,2.42,92,2.34,1.24,47,1.32,50,2.08,2.0,81.0,3,3,38.0,38,3420,418,653.0,1300.0,31,26.1,46.5,2021-2022
43,Brentford,41.1,1.08,74.1,1.95,33.0,0.87,45.8,1.21,0.87,33,2.08,79,1.92,1.05,40,1.21,46,2.07,3.0,65.0,6,6,38.0,38,3420,418,450.0,1189.0,29,25.4,44.8,2021-2022
44,Brighton,40.7,1.07,72.9,1.92,32.3,0.85,46.2,1.21,0.79,30,1.84,70,1.74,0.95,36,1.05,40,2.06,2.0,72.0,4,7,38.0,38,3420,418,676.0,1547.0,26,26.2,54.4,2021-2022
45,Burnley,38.1,1.0,69.3,1.82,31.2,0.82,39.7,1.05,0.68,26,1.53,58,1.5,0.82,31,0.84,32,1.87,2.0,68.0,1,2,38.0,38,3420,418,388.0,972.0,23,28.5,40.2,2021-2022
46,Chelsea,56.6,1.49,101.5,2.67,44.9,1.18,63.4,1.67,1.37,52,3.34,127,3.13,1.76,67,1.97,75,2.85,1.0,63.0,8,9,38.0,38,3420,418,894.0,1967.0,26,27.4,61.8,2021-2022
47,Crystal Palace,40.1,1.06,71.1,1.87,31.0,0.82,46.4,1.22,0.82,31,2.13,81,1.97,1.16,44,1.32,50,2.04,1.0,69.0,6,8,38.0,38,3420,418,592.0,1229.0,24,27.1,51.1,2021-2022
48,Everton,35.8,0.94,64.3,1.69,28.5,0.75,41.2,1.09,0.76,29,1.87,71,1.71,0.95,36,1.11,42,1.83,6.0,82.0,6,7,38.0,38,3420,418,512.0,1100.0,33,26.7,40.0,2021-2022
49,Leeds United,40.4,1.06,71.8,1.89,31.3,0.82,44.4,1.17,0.68,26,1.79,68,1.66,0.97,37,1.11,42,1.99,3.0,101.0,5,5,38.0,38,3420,418,671.0,1483.0,29,26.1,52.3,2021-2022
50,Leicester City,46.2,1.22,80.4,2.12,34.2,0.9,47.8,1.26,1.21,46,2.84,108,2.79,1.58,60,1.63,62,2.16,1.0,55.0,2,2,38.0,38,3420,418,622.0,1356.0,28,26.5,52.0,2021-2022
51,Liverpool,82.7,2.18,146.2,3.85,63.5,1.67,88.7,2.33,1.87,71,4.34,165,4.16,2.29,87,2.47,94,4.0,1.0,50.0,7,8,38.0,38,3420,418,885.0,2243.0,27,27.7,62.7,2021-2022
52,Manchester City,81.4,2.14,146.9,3.87,65.5,1.72,88.7,2.33,1.66,63,4.18,159,4.0,2.34,89,2.53,96,4.06,1.0,42.0,7,9,38.0,38,3420,418,1145.0,2421.0,26,27.0,67.9,2021-2022
53,Manchester Utd,51.9,1.36,94.3,2.48,42.5,1.12,55.8,1.47,1.21,46,2.68,102,2.61,1.39,53,1.47,56,2.59,2.0,77.0,3,5,38.0,38,3420,418,784.0,1568.0,29,27.2,52.7,2021-2022
54,Newcastle Utd,35.9,0.94,61.7,1.62,25.8,0.68,38.1,1.0,0.61,23,1.68,64,1.61,1.0,38,1.08,41,1.68,2.0,81.0,3,3,38.0,38,3420,418,544.0,923.0,29,27.5,40.4,2021-2022
55,Norwich City,30.0,0.79,54.3,1.43,24.3,0.64,32.3,0.85,0.42,16,0.97,37,0.89,0.47,18,0.55,21,1.49,1.0,57.0,3,3,38.0,38,3420,418,566.0,1031.0,28,26.2,42.9,2021-2022
56,Southampton,41.6,1.1,74.1,1.95,32.5,0.85,44.8,1.18,0.68,26,1.76,67,1.66,0.97,37,1.08,41,2.03,2.0,65.0,4,4,38.0,38,3420,418,728.0,1326.0,25,25.7,47.7,2021-2022
57,Tottenham,57.3,1.51,104.4,2.75,47.0,1.24,61.2,1.61,1.32,50,2.97,113,2.84,1.53,58,1.66,63,2.85,1.0,69.0,5,5,38.0,38,3420,418,791.0,1459.0,25,26.5,51.8,2021-2022
58,Watford,38.4,1.01,70.9,1.87,32.5,0.86,40.0,1.05,0.68,26,1.55,59,1.53,0.84,32,0.87,33,1.91,3.0,63.0,1,2,38.0,38,3420,418,557.0,1070.0,30,28.4,40.7,2021-2022
59,West Ham,46.8,1.23,84.2,2.22,37.4,0.99,51.4,1.35,1.21,46,2.74,104,2.63,1.42,54,1.53,58,2.34,3.0,52.0,4,6,38.0,38,3420,418,646.0,1449.0,25,28.2,47.9,2021-2022
60,Wolves,36.8,0.97,63.2,1.66,26.4,0.69,37.5,0.99,0.58,22,1.5,57,1.47,0.89,34,0.92,35,1.68,2.0,62.0,1,1,38.0,38,3420,418,723.0,1283.0,26,27.3,49.5,2021-2022
61,Arsenal,47.0,1.24,82.1,2.16,35.1,0.92,51.8,1.36,1.0,38,2.39,91,2.24,1.24,47,1.39,53,2.29,5.0,49.0,6,6,38.0,38,3420,418,758.0,1760.0,29,25.9,53.5,2020-2021
62,Aston Villa,47.9,1.26,85.3,2.25,37.4,0.98,52.5,1.38,1.0,38,2.37,90,2.24,1.24,47,1.37,52,2.37,4.0,71.0,5,6,38.0,38,3420,418,629.0,1420.0,24,25.2,48.5,2020-2021
63,Brighton,43.8,1.15,77.0,2.03,33.2,0.87,50.9,1.34,0.63,24,1.66,63,1.5,0.87,33,1.03,39,2.21,6.0,49.0,6,9,38.0,38,3420,418,685.0,1516.0,27,25.8,51.1,2020-2021
64,Burnley,36.9,0.97,64.6,1.7,27.7,0.73,39.3,1.03,0.53,20,1.37,52,1.29,0.76,29,0.84,32,1.76,0.0,48.0,3,3,38.0,38,3420,418,389.0,1012.0,25,28.3,42.1,2020-2021
65,Chelsea,54.5,1.43,96.0,2.53,41.5,1.09,62.4,1.64,1.0,38,2.47,94,2.26,1.26,48,1.47,56,2.73,3.0,51.0,8,10,38.0,38,3420,418,895.0,1798.0,27,26.0,60.9,2020-2021
66,Crystal Palace,31.0,0.82,54.6,1.44,23.6,0.62,34.1,0.9,0.76,29,1.79,68,1.71,0.95,36,1.03,39,1.52,2.0,56.0,3,4,38.0,38,3420,418,526.0,1132.0,24,29.1,40.6,2020-2021
67,Everton,41.9,1.1,72.6,1.91,30.7,0.81,45.7,1.2,0.84,32,2.03,77,1.92,1.08,41,1.18,45,2.01,2.0,59.0,4,5,38.0,38,3420,418,604.0,1184.0,29,26.3,46.4,2020-2021
68,Fulham,35.9,0.95,62.2,1.64,26.3,0.69,40.5,1.07,0.47,18,1.16,44,1.08,0.61,23,0.68,26,1.76,3.0,67.0,3,6,38.0,38,3420,418,727.0,1354.0,28,25.2,49.7,2020-2021
69,Leeds United,52.5,1.38,94.3,2.48,41.9,1.1,55.6,1.46,1.18,45,2.76,105,2.66,1.47,56,1.58,60,2.57,1.0,61.0,4,4,38.0,38,3420,418,811.0,1633.0,23,26.1,57.3,2020-2021
70,Leicester City,46.3,1.22,80.1,2.11,33.7,0.89,55.8,1.47,1.18,45,2.87,109,2.61,1.42,54,1.68,64,2.36,0.0,61.0,10,12,38.0,38,3420,418,666.0,1464.0,27,26.5,54.3,2020-2021
71,Liverpool,62.9,1.66,111.2,2.93,48.3,1.27,67.5,1.78,1.13,43,2.84,108,2.68,1.55,59,1.71,65,3.05,0.0,40.0,6,6,38.0,38,3420,418,886.0,2057.0,28,26.8,62.1,2020-2021
72,Manchester City,61.2,1.61,106.6,2.81,45.4,1.19,68.2,1.8,1.45,55,3.61,137,3.47,2.03,77,2.16,82,2.99,2.0,46.0,5,9,38.0,38,3420,418,1096.0,2051.0,24,26.1,63.5,2020-2021
73,Manchester Utd,51.4,1.35,93.1,2.45,41.6,1.1,60.1,1.58,1.34,51,3.18,121,2.92,1.58,60,1.84,70,2.68,1.0,64.0,10,11,38.0,38,3420,418,877.0,1832.0,29,25.6,55.7,2020-2021
74,Newcastle Utd,37.8,1.0,66.8,1.76,29.0,0.76,43.4,1.14,0.68,26,1.84,70,1.68,1.0,38,1.16,44,1.91,3.0,65.0,6,7,38.0,38,3420,418,467.0,903.0,27,27.1,38.8,2020-2021
75,Sheffield Utd,29.5,0.78,54.4,1.43,24.9,0.66,32.6,0.86,0.34,13,0.84,32,0.76,0.42,16,0.5,19,1.52,3.0,73.0,3,4,38.0,38,3420,418,491.0,1196.0,27,26.7,41.7,2020-2021
76,Southampton,36.6,0.96,62.5,1.64,25.8,0.68,41.2,1.09,0.87,33,2.11,80,1.97,1.11,42,1.24,47,1.77,3.0,52.0,5,6,38.0,38,3420,418,626.0,1195.0,29,26.6,52.0,2020-2021
77,Tottenham,49.2,1.29,84.4,2.22,35.3,0.93,53.1,1.4,1.32,50,3.05,116,2.92,1.61,61,1.74,66,2.33,2.0,57.0,5,5,38.0,38,3420,418,633.0,1330.0,24,27.2,51.6,2020-2021
78,West Brom,32.7,0.86,57.1,1.5,24.4,0.64,35.8,0.94,0.53,20,1.39,53,1.29,0.76,29,0.87,33,1.59,4.0,51.0,4,4,38.0,38,3420,418,441.0,1027.0,30,26.4,37.9,2020-2021
79,West Ham,52.1,1.37,91.7,2.41,39.6,1.04,55.4,1.46,1.21,46,2.79,106,2.74,1.53,58,1.58,60,2.5,3.0,50.0,2,4,38.0,38,3420,418,658.0,1282.0,24,27.8,43.2,2020-2021
80,Wolves,33.4,0.88,57.6,1.51,24.1,0.63,36.5,0.96,0.55,21,1.45,55,1.34,0.79,30,0.89,34,1.6,1.0,55.0,4,4,38.0,38,3420,418,800.0,1283.0,27,26.3,49.3,2020-2021
81,Arsenal,44.6,1.17,76.1,2.0,31.4,0.83,47.0,1.24,0.92,35,2.39,91,2.32,1.39,53,1.47,56,2.06,5.0,88.0,3,3,38.0,38,3420,418,815.0,1641.0,29,25.8,53.8,2019-2020
82,Aston Villa,41.8,1.1,76.0,2.0,34.2,0.9,44.3,1.16,0.84,32,1.89,72,1.87,1.03,39,1.05,40,2.06,1.0,70.0,1,3,38.0,38,3420,418,639.0,1247.0,28,25.7,44.1,2019-2020
83,Bournemouth,41.7,1.1,72.3,1.9,30.6,0.8,44.8,1.18,0.63,24,1.63,62,1.53,0.89,34,1.0,38,1.98,3.0,78.0,4,4,38.0,38,3420,418,601.0,1256.0,27,25.2,44.1,2019-2020
84,Brighton,43.8,1.15,75.4,1.99,31.6,0.83,45.4,1.2,0.63,24,1.55,59,1.53,0.89,34,0.92,35,2.03,2.0,59.0,1,2,38.0,38,3420,418,669.0,1675.0,25,26.4,52.2,2019-2020
85,Burnley,45.3,1.19,77.7,2.04,32.4,0.85,47.4,1.25,0.79,30,1.87,71,1.79,1.0,38,1.08,41,2.1,0.0,67.0,3,3,38.0,38,3420,418,437.0,890.0,22,28.0,41.9,2019-2020
86,Chelsea,64.4,1.7,111.1,2.92,46.7,1.23,69.2,1.82,1.21,46,3.03,115,2.84,1.63,62,1.82,69,3.05,0.0,60.0,7,7,38.0,38,3420,418,983.0,1897.0,27,25.5,60.4,2019-2020
87,Crystal Palace,33.6,0.88,59.5,1.57,26.0,0.68,35.8,0.94,0.53,20,1.29,49,1.21,0.68,26,0.76,29,1.63,2.0,62.0,3,3,38.0,38,3420,418,596.0,1223.0,25,29.4,44.8,2019-2020
88,Everton,50.0,1.32,88.1,2.32,38.1,1.0,50.8,1.34,0.84,32,1.95,74,1.92,1.08,41,1.11,42,2.34,3.0,76.0,1,1,38.0,38,3420,418,623.0,1430.0,24,25.5,49.0,2019-2020
89,Leicester City,56.7,1.49,101.6,2.67,44.9,1.18,62.2,1.64,1.26,48,2.97,113,2.84,1.58,60,1.71,65,2.82,3.0,43.0,5,7,38.0,38,3420,418,739.0,1612.0,24,26.1,57.1,2019-2020
90,Liverpool,65.0,1.71,118.0,3.1,53.0,1.39,68.9,1.81,1.82,69,4.0,152,3.87,2.05,78,2.18,83,3.21,1.0,38.0,5,5,38.0,38,3420,418,967.0,1941.0,24,26.6,62.9,2019-2020
91,Manchester City,83.6,2.2,152.0,4.0,68.4,1.8,92.0,2.42,1.82,69,4.45,169,4.29,2.47,94,2.63,100,4.22,4.0,64.0,6,11,38.0,38,3420,418,1199.0,2460.0,24,26.9,66.2,2019-2020
92,Manchester Utd,51.2,1.35,89.7,2.36,38.5,1.01,62.2,1.64,1.13,43,2.84,108,2.58,1.45,55,1.71,65,2.65,0.0,73.0,10,14,38.0,38,3420,418,926.0,1788.0,29,24.8,55.8,2019-2020
93,Newcastle Utd,34.8,0.91,61.7,1.62,26.9,0.71,35.5,0.94,0.76,29,1.76,67,1.76,1.0,38,1.0,38,1.64,3.0,66.0,0,1,38.0,38,3420,418,537.0,844.0,28,26.5,39.0,2019-2020
94,Norwich City,35.4,0.93,62.8,1.65,27.4,0.72,37.0,0.97,0.47,18,1.13,43,1.08,0.61,23,0.66,25,1.69,3.0,68.0,2,2,38.0,38,3420,418,673.0,1169.0,30,26.0,49.3,2019-2020
95,Sheffield Utd,42.2,1.11,76.3,2.01,34.0,0.9,43.0,1.13,0.66,25,1.61,61,1.58,0.92,35,0.95,36,2.03,2.0,63.0,1,1,38.0,38,3420,418,493.0,1352.0,26,26.9,43.1,2019-2020
96,Southampton,52.1,1.37,88.5,2.33,36.4,0.96,56.1,1.48,0.84,32,2.18,83,2.13,1.29,49,1.34,51,2.43,4.0,55.0,2,5,38.0,38,3420,418,628.0,1335.0,25,25.9,48.9,2019-2020
97,Tottenham,44.7,1.18,77.3,2.03,32.6,0.86,47.9,1.26,1.03,39,2.5,95,2.42,1.39,53,1.47,56,2.12,3.0,84.0,3,4,38.0,38,3420,418,768.0,1410.0,29,26.7,52.0,2019-2020
98,Watford,42.6,1.12,74.0,1.95,31.4,0.83,48.9,1.29,0.55,21,1.47,56,1.29,0.74,28,0.92,35,2.11,3.0,80.0,7,8,38.0,38,3420,418,578.0,1168.0,26,28.9,42.9,2019-2020
99,West Ham,45.4,1.2,82.2,2.16,36.7,0.97,48.6,1.28,0.95,36,2.24,85,2.13,1.18,45,1.29,49,2.24,1.0,64.0,4,4,38.0,38,3420,418,666.0,1377.0,29,27.4,44.1,2019-2020
100,Wolves,51.0,1.34,88.5,2.33,37.5,0.99,54.1,1.42,0.89,34,2.18,83,2.08,1.18,45,1.29,49,2.41,2.0,61.0,4,4,38.0,38,3420,418,858.0,1338.0,21,26.6,48.3,2019-2020
101,Arsenal,56.0,1.47,102.7,2.7,46.7,1.23,60.1,1.58,1.37,52,3.18,121,3.08,1.71,65,1.82,69,2.81,2.0,73.0,4,5,38.0,38,3420,418,868.0,1874.0,28,26.7,58.1,2018-2019
102,Bournemouth,46.2,1.22,85.0,2.24,38.8,1.02,53.3,1.4,1.13,43,2.58,98,2.39,1.26,48,1.45,55,2.42,1.0,60.0,7,9,38.0,38,3420,418,738.0,1435.0,28,26.6,46.9,2018-2019
103,Brighton,30.7,0.81,55.2,1.45,24.5,0.64,35.3,0.93,0.63,24,1.55,59,1.42,0.79,30,0.92,35,1.57,4.0,61.0,5,6,38.0,38,3420,418,475.0,1150.0,21,27.4,42.4,2018-2019
104,Burnley,42.8,1.13,74.0,1.95,31.2,0.82,44.4,1.17,0.84,32,1.97,75,1.92,1.08,41,1.13,43,1.99,1.0,75.0,2,2,38.0,38,3420,418,421.0,1032.0,23,28.0,41.2,2018-2019
105,Cardiff City,39.2,1.03,66.8,1.76,27.6,0.73,42.4,1.11,0.53,20,1.39,53,1.32,0.79,30,0.87,33,1.84,1.0,66.0,3,4,38.0,38,3420,418,434.0,918.0,25,27.7,35.4,2018-2019
106,Chelsea,54.6,1.44,99.6,2.62,44.9,1.18,58.6,1.54,1.37,52,2.97,113,2.84,1.47,56,1.61,61,2.72,0.0,49.0,5,5,38.0,38,3420,418,1058.0,2155.0,24,27.3,62.9,2018-2019
107,Crystal Palace,39.2,1.03,68.7,1.81,29.5,0.78,47.6,1.25,0.87,33,2.13,81,1.87,1.0,38,1.26,48,2.03,2.0,58.0,10,11,38.0,38,3420,418,771.0,1458.0,26,27.4,45.2,2018-2019
108,Everton,45.7,1.2,79.4,2.09,33.7,0.89,49.7,1.31,0.89,34,2.29,87,2.24,1.34,51,1.39,53,2.19,4.0,56.0,2,5,38.0,38,3420,418,697.0,1581.0,23,25.7,51.5,2018-2019
109,Fulham,39.0,1.03,69.0,1.82,30.0,0.79,41.3,1.09,0.63,24,1.5,57,1.45,0.82,31,0.87,33,1.88,2.0,70.0,2,3,38.0,38,3420,418,628.0,1487.0,28,26.0,48.8,2018-2019
110,Huddersfield,28.0,0.74,47.9,1.26,19.9,0.52,28.8,0.76,0.34,13,0.89,34,0.87,0.53,20,0.55,21,1.28,4.0,56.0,1,1,38.0,38,3420,418,601.0,1248.0,31,26.2,47.2,2018-2019
111,Leicester City,47.3,1.24,84.9,2.23,37.6,0.99,52.4,1.38,0.89,34,2.16,82,2.03,1.13,43,1.26,48,2.37,5.0,60.0,5,7,38.0,38,3420,418,752.0,1537.0,25,25.9,50.9,2018-2019
112,Liverpool,68.4,1.8,118.2,3.11,49.8,1.31,73.7,1.94,1.45,55,3.71,141,3.53,2.08,79,2.26,86,3.25,2.0,39.0,7,7,38.0,38,3420,418,857.0,2008.0,23,26.1,61.8,2018-2019
113,Manchester City,81.3,2.14,146.7,3.86,65.5,1.72,84.3,2.22,1.87,71,4.26,162,4.18,2.32,88,2.39,91,3.94,1.0,44.0,3,4,38.0,38,3420,418,1325.0,2429.0,21,26.7,67.9,2018-2019
114,Manchester Utd,52.0,1.37,91.6,2.41,39.6,1.04,61.4,1.62,1.05,40,2.76,105,2.53,1.47,56,1.71,65,2.66,4.0,75.0,9,12,38.0,38,3420,418,801.0,1668.0,28,26.3,54.7,2018-2019
115,Newcastle Utd,36.7,0.97,64.1,1.69,27.4,0.72,39.1,1.03,0.87,33,1.95,74,1.92,1.05,40,1.08,41,1.75,2.0,57.0,1,3,38.0,38,3420,418,467.0,985.0,24,26.9,40.4,2018-2019
116,Southampton,43.4,1.14,72.7,1.91,29.3,0.77,46.9,1.23,0.71,27,1.87,71,1.76,1.05,40,1.16,44,2.0,3.0,73.0,4,5,38.0,38,3420,418,603.0,1333.0,30,25.4,43.4,2018-2019
117,Tottenham,51.8,1.36,90.9,2.39,39.1,1.03,54.9,1.44,1.24,47,2.97,113,2.87,1.63,62,1.74,66,2.47,3.0,57.0,4,4,38.0,38,3420,418,840.0,1744.0,28,26.8,59.0,2018-2019
118,Watford,47.5,1.25,82.3,2.17,34.8,0.92,48.2,1.27,1.03,39,2.37,90,2.34,1.32,50,1.34,51,2.19,4.0,79.0,1,1,38.0,38,3420,418,588.0,1294.0,25,28.5,46.7,2018-2019
119,West Ham,43.8,1.15,77.9,2.05,34.1,0.9,47.6,1.25,0.87,33,2.21,84,2.08,1.21,46,1.34,51,2.15,1.0,59.0,5,5,38.0,38,3420,418,731.0,1478.0,26,27.6,48.6,2018-2019
120,Wolves,49.0,1.29,88.4,2.33,39.4,1.04,52.1,1.37,0.92,35,2.13,81,2.03,1.11,42,1.21,46,2.41,1.0,73.0,4,4,38.0,38,3420,418,743.0,1350.0,21,26.1,46.8,2018-2019
121,Arsenal,64.3,1.69,117.6,3.1,53.3,1.4,68.3,1.8,1.61,61,3.53,134,3.42,1.82,69,1.92,73,3.2,,,4,5,38.0,38,3420,418,915.0,2223.0,30,26.8,61.4,2017-2018
122,Bournemouth,36.4,0.96,65.5,1.72,29.1,0.77,38.8,1.02,0.95,36,2.13,81,2.05,1.11,42,1.18,45,1.79,,,3,3,38.0,38,3420,418,702.0,1526.0,22,26.9,48.1,2017-2018
123,Brighton,31.8,0.84,58.0,1.53,26.2,0.69,37.0,0.97,0.66,25,1.53,58,1.39,0.74,28,0.87,33,1.66,,,5,7,38.0,38,3420,418,523.0,1230.0,24,27.5,43.7,2017-2018
124,Burnley,32.3,0.85,55.9,1.47,23.6,0.62,32.3,0.85,0.68,26,1.61,61,1.61,0.92,35,0.92,35,1.47,,,0,0,38.0,38,3420,418,431.0,1103.0,24,27.5,43.7,2017-2018
125,Chelsea,52.0,1.37,93.5,2.46,41.5,1.09,54.4,1.43,1.11,42,2.68,102,2.61,1.5,57,1.58,60,2.52,,,3,3,38.0,38,3420,418,1045.0,1998.0,26,26.7,55.6,2017-2018
126,Crystal Palace,45.9,1.21,79.2,2.08,33.3,0.88,53.5,1.41,0.68,26,1.84,70,1.63,0.95,36,1.16,44,2.28,,,8,10,38.0,38,3420,418,727.0,1308.0,28,27.1,45.2,2017-2018
127,Everton,34.1,0.9,58.8,1.55,24.7,0.65,40.5,1.07,0.68,26,1.79,68,1.66,0.97,37,1.11,42,1.71,,,5,8,38.0,38,3420,418,477.0,1161.0,30,26.7,45.5,2017-2018
128,Huddersfield,29.8,0.78,53.5,1.41,23.7,0.62,31.3,0.82,0.5,19,1.16,44,1.11,0.61,23,0.66,25,1.45,,,2,2,38.0,38,3420,418,627.0,1210.0,25,26.4,45.7,2017-2018
129,Leicester City,45.3,1.19,80.2,2.11,34.9,0.92,50.0,1.32,1.0,38,2.39,91,2.26,1.26,48,1.39,53,2.24,,,5,6,38.0,38,3420,418,655.0,1271.0,27,27.2,48.0,2017-2018
130,Liverpool,70.6,1.86,123.3,3.24,52.7,1.39,72.9,1.92,1.53,58,3.68,140,3.63,2.11,80,2.16,82,3.31,,,2,3,38.0,38,3420,418,982.0,2236.0,27,25.6,60.3,2017-2018
131,Manchester City,72.7,1.91,130.6,3.44,57.9,1.52,78.6,2.07,2.24,85,4.95,188,4.79,2.55,97,2.71,103,3.59,,,6,8,38.0,38,3420,418,1308.0,2570.0,25,26.4,71.0,2017-2018
132,Manchester Utd,53.3,1.4,93.8,2.47,40.5,1.07,55.7,1.47,1.39,53,3.16,120,3.13,1.74,66,1.76,67,2.53,,,1,3,38.0,38,3420,418,920.0,1564.0,27,26.7,54.7,2017-2018
133,Newcastle Utd,40.9,1.08,72.9,1.92,32.1,0.84,41.6,1.1,0.76,29,1.76,67,1.76,1.0,38,1.0,38,1.94,,,0,1,38.0,38,3420,418,548.0,1145.0,27,25.6,41.7,2017-2018
134,Southampton,37.6,0.99,67.0,1.76,29.5,0.78,39.9,1.05,0.61,23,1.55,59,1.47,0.87,33,0.95,36,1.83,,,3,3,38.0,38,3420,418,694.0,1609.0,26,26.2,51.3,2017-2018
135,Stoke City,34.1,0.9,61.4,1.62,27.4,0.72,36.5,0.96,0.74,28,1.63,62,1.63,0.89,34,0.89,34,1.68,,,0,3,38.0,38,3420,418,477.0,1150.0,30,27.5,41.4,2017-2018
136,Swansea City,30.8,0.81,51.0,1.34,20.2,0.53,31.6,0.83,0.53,20,1.24,47,1.21,0.68,26,0.71,27,1.36,,,1,1,38.0,38,3420,418,596.0,1194.0,26,27.2,45.3,2017-2018
137,Tottenham,62.3,1.64,111.3,2.93,49.0,1.29,64.7,1.7,1.34,51,3.18,121,3.13,1.79,68,1.84,70,2.99,,,2,3,38.0,38,3420,418,862.0,2249.0,25,25.8,61.8,2017-2018
138,Watford,40.2,1.06,69.4,1.83,29.2,0.77,45.0,1.19,0.71,27,1.82,69,1.74,1.03,39,1.11,42,1.95,,,3,6,38.0,38,3420,418,647.0,1455.0,29,27.9,49.7,2017-2018
139,West Brom,35.7,0.94,61.6,1.62,25.9,0.68,36.5,0.96,0.63,24,1.45,55,1.42,0.79,30,0.82,31,1.64,,,1,1,38.0,38,3420,418,507.0,1106.0,24,29.1,40.7,2017-2018
140,West Ham,33.6,0.88,58.4,1.54,24.9,0.65,36.7,0.97,0.76,29,2.03,77,1.97,1.21,46,1.26,48,1.62,,,2,4,38.0,38,3420,418,523.0,1179.0,27,28.0,45.2,2017-2018
141,Arsenal,,,,,,,,,1.45,55,3.37,128,3.26,1.82,69,1.92,73,,0.0,0.0,4,6,38.0,38,3420,418,,,29,26.9,58.9,2016-2017
142,Bournemouth,,,,,,,,,0.87,33,2.26,86,2.08,1.21,46,1.39,53,,2.0,0.0,7,10,38.0,38,3420,418,,,27,27.0,51.5,2016-2017
143,Burnley,,,,,,,,,0.63,24,1.66,63,1.5,0.87,33,1.03,39,,1.0,0.0,6,6,38.0,38,3420,418,,,27,27.7,40.3,2016-2017
144,Chelsea,,,,,,,,,1.39,53,3.58,136,3.53,2.13,81,2.18,83,,0.0,0.0,2,4,38.0,38,3420,418,,,24,27.2,55.1,2016-2017
145,Crystal Palace,,,,,,,,,0.84,32,2.11,80,2.0,1.16,44,1.26,48,,0.0,0.0,4,7,38.0,38,3420,418,,,31,27.7,45.4,2016-2017
146,Everton,,,,,,,,,1.18,45,2.71,103,2.63,1.45,55,1.53,58,,1.0,0.0,3,4,38.0,38,3420,418,,,27,27.5,52.1,2016-2017
147,Hull City,,,,,,,,,0.63,24,1.58,60,1.5,0.87,33,0.95,36,,0.0,0.0,3,3,38.0,38,3420,418,,,28,27.4,45.9,2016-2017
148,Leicester City,,,,,,,,,0.84,32,2.05,78,1.95,1.11,42,1.21,46,,0.0,0.0,4,6,38.0,38,3420,418,,,25,27.8,41.9,2016-2017
149,Liverpool,,,,,,,,,1.37,52,3.39,129,3.21,1.84,70,2.03,77,,0.0,0.0,7,8,38.0,38,3420,418,,,23,26.1,62.0,2016-2017
150,Manchester City,,,,,,,,,1.42,54,3.39,129,3.21,1.79,68,1.97,75,,0.0,0.0,7,9,38.0,38,3420,418,,,25,28.5,65.0,2016-2017
151,Manchester Utd,,,,,,,,,0.97,37,2.39,91,2.32,1.34,51,1.42,54,,1.0,0.0,3,4,38.0,38,3420,418,,,31,26.7,56.5,2016-2017
152,Middlesbrough,,,,,,,,,0.58,22,1.26,48,1.21,0.63,24,0.68,26,,1.0,0.0,2,2,38.0,38,3420,418,,,27,27.3,47.3,2016-2017
153,Southampton,,,,,,,,,0.71,27,1.74,66,1.66,0.95,36,1.03,39,,1.0,0.0,3,6,38.0,38,3420,418,,,26,26.0,54.4,2016-2017
154,Stoke City,,,,,,,,,0.63,24,1.61,61,1.5,0.87,33,0.97,37,,1.0,0.0,4,6,38.0,38,3420,418,,,26,28.7,46.3,2016-2017
155,Sunderland,,,,,,,,,0.29,11,1.03,39,0.89,0.61,23,0.74,28,,3.0,0.0,5,5,38.0,38,3420,418,,,31,26.8,39.7,2016-2017
156,Swansea City,,,,,,,,,0.82,31,2.0,76,1.92,1.11,42,1.18,45,,0.0,0.0,3,3,38.0,38,3420,418,,,27,27.4,47.9,2016-2017
157,Tottenham,,,,,,,,,1.55,59,3.76,143,3.58,2.03,77,2.21,84,,0.0,0.0,7,9,38.0,38,3420,418,,,24,25.3,60.5,2016-2017
158,Watford,,,,,,,,,0.71,27,1.74,66,1.66,0.95,36,1.03,39,,3.0,0.0,3,3,38.0,38,3420,418,,,33,29.0,46.1,2016-2017
159,West Brom,,,,,,,,,0.87,33,2.0,76,1.97,1.11,42,1.13,43,,0.0,0.0,1,1,38.0,38,3420,418,,,23,29.4,37.3,2016-2017
160,West Ham,,,,,,,,,0.74,28,1.95,74,1.87,1.13,43,1.21,46,,4.0,0.0,3,4,38.0,38,3420,418,,,29,27.1,47.1,2016-2017
161,Arsenal,,,,,,,,,1.39,53,3.03,115,3.0,1.61,61,1.63,62,,0.0,0.0,1,2,38.0,38,3420,418,,,25,27.0,58.3,2015-2016
162,Aston Villa,,,,,,,,,0.5,19,1.13,43,1.08,0.58,22,0.63,24,,0.0,0.0,2,2,38.0,38,3420,418,,,29,26.6,46.4,2015-2016
163,Bournemouth,,,,,,,,,0.74,28,1.87,71,1.79,1.05,40,1.13,43,,0.0,0.0,3,4,38.0,38,3420,418,,,28,27.7,51.2,2015-2016
164,Chelsea,,,,,,,,,1.05,40,2.5,95,2.39,1.34,51,1.45,55,,0.0,0.0,4,5,38.0,38,3420,418,,,28,26.8,56.2,2015-2016
165,Crystal Palace,,,,,,,,,0.55,21,1.55,59,1.45,0.89,34,1.0,38,,0.0,0.0,4,5,38.0,38,3420,418,,,30,27.7,45.8,2015-2016
166,Everton,,,,,,,,,1.16,44,2.63,100,2.53,1.37,52,1.47,56,,0.0,0.0,4,5,38.0,38,3420,418,,,31,26.5,51.9,2015-2016
167,Leicester City,,,,,,,,,1.13,43,2.92,111,2.66,1.53,58,1.79,68,,0.0,0.0,10,13,38.0,38,3420,418,,,23,27.7,42.6,2015-2016
168,Liverpool,,,,,,,,,1.32,50,2.95,112,2.89,1.58,60,1.63,62,,0.0,0.0,2,2,38.0,38,3420,418,,,34,25.2,57.2,2015-2016
169,Manchester City,,,,,,,,,1.39,53,3.26,124,3.13,1.74,66,1.87,71,,0.0,0.0,5,8,38.0,38,3420,418,,,25,28.3,56.9,2015-2016
170,Manchester Utd,,,,,,,,,0.82,31,2.03,77,1.95,1.13,43,1.21,46,,0.0,0.0,3,3,38.0,38,3420,418,,,33,25.6,58.5,2015-2016
171,Newcastle Utd,,,,,,,,,0.89,34,2.03,77,1.95,1.05,40,1.13,43,,0.0,0.0,3,3,38.0,38,3420,418,,,31,25.4,46.6,2015-2016
172,Norwich City,,,,,,,,,0.71,27,1.71,65,1.68,0.97,37,1.0,38,,0.0,0.0,1,1,38.0,38,3420,418,,,28,27.7,46.0,2015-2016
173,Southampton,,,,,,,,,1.18,45,2.71,103,2.63,1.45,55,1.53,58,,0.0,0.0,3,4,38.0,38,3420,418,,,26,26.4,49.2,2015-2016
174,Stoke City,,,,,,,,,0.76,29,1.82,69,1.68,0.92,35,1.05,40,,0.0,0.0,5,5,38.0,38,3420,418,,,27,27.4,49.7,2015-2016
175,Sunderland,,,,,,,,,0.79,30,1.95,74,1.87,1.08,41,1.16,44,,0.0,0.0,3,3,38.0,38,3420,418,,,31,27.3,41.0,2015-2016
176,Swansea City,,,,,,,,,0.66,25,1.74,66,1.61,0.95,36,1.08,41,,0.0,0.0,5,5,38.0,38,3420,418,,,27,27.6,52.5,2015-2016
177,Tottenham,,,,,,,,,1.32,50,3.11,118,2.97,1.66,63,1.79,68,,0.0,0.0,5,5,38.0,38,3420,418,,,24,24.5,57.4,2015-2016
178,Watford,,,,,,,,,0.47,18,1.47,56,1.32,0.84,32,1.0,38,,0.0,0.0,6,7,38.0,38,3420,418,,,25,28.2,45.1,2015-2016
179,West Brom,,,,,,,,,0.66,25,1.5,57,1.47,0.82,31,0.84,32,,0.0,0.0,1,5,38.0,38,3420,418,,,28,29.1,39.8,2015-2016
180,West Ham,,,,,,,,,1.0,38,2.68,102,2.58,1.58,60,1.68,64,,0.0,0.0,4,4,38.0,38,3420,418,,,28,26.6,48.4,2015-2016
181,Arsenal,,,,,,,,,1.24,47,3.05,116,2.89,1.66,63,1.82,69,,0.0,0.0,6,7,38.0,38,3420,418,,,29,26.1,56.6,2014-2015
182,Aston Villa,,,,,,,,,0.61,23,1.42,54,1.39,0.79,30,0.82,31,,0.0,0.0,1,1,38.0,38,3420,418,,,27,26.3,49.0,2014-2015
183,Burnley,,,,,,,,,0.58,22,1.29,49,1.26,0.68,26,0.71,27,,0.0,0.0,1,2,38.0,38,3420,418,,,24,27.2,42.5,2014-2015
184,Chelsea,,,,,,,,,1.55,59,3.45,131,3.34,1.79,68,1.89,72,,0.0,0.0,4,5,38.0,38,3420,418,,,25,27.0,55.9,2014-2015
185,Crystal Palace,,,,,,,,,0.71,27,1.92,73,1.79,1.08,41,1.21,46,,0.0,0.0,5,7,38.0,38,3420,418,,,30,27.8,40.4,2014-2015
186,Everton,,,,,,,,,0.82,31,2.05,78,1.95,1.13,43,1.24,47,,0.0,0.0,4,7,38.0,38,3420,418,,,28,27.9,54.7,2014-2015
187,Hull City,,,,,,,,,0.58,22,1.42,54,1.39,0.82,31,0.84,32,,0.0,0.0,1,1,38.0,38,3420,418,,,29,27.4,44.2,2014-2015
188,Leicester City,,,,,,,,,0.76,29,1.95,74,1.87,1.11,42,1.18,45,,0.0,0.0,3,3,38.0,38,3420,418,,,28,27.9,43.5,2014-2015
189,Liverpool,,,,,,,,,0.79,30,2.05,78,1.92,1.13,43,1.26,48,,0.0,0.0,5,6,38.0,38,3420,418,,,25,25.2,55.8,2014-2015
190,Manchester City,,,,,,,,,1.61,61,3.76,143,3.58,1.97,75,2.16,82,,0.0,0.0,7,8,38.0,38,3420,418,,,24,28.6,59.8,2014-2015
191,Manchester Utd,,,,,,,,,1.08,41,2.66,101,2.58,1.5,57,1.58,60,,0.0,0.0,3,5,38.0,38,3420,418,,,33,26.0,61.2,2014-2015
192,Newcastle Utd,,,,,,,,,0.79,30,1.84,70,1.82,1.03,39,1.05,40,,0.0,0.0,1,1,38.0,38,3420,418,,,27,25.9,47.7,2014-2015
193,QPR,,,,,,,,,0.76,29,1.79,68,1.71,0.95,36,1.03,39,,0.0,0.0,3,5,38.0,38,3420,418,,,32,28.2,45.2,2014-2015
194,Southampton,,,,,,,,,0.84,32,2.13,81,2.08,1.24,47,1.29,49,,0.0,0.0,2,3,38.0,38,3420,418,,,29,26.0,53.1,2014-2015
195,Stoke City,,,,,,,,,0.79,30,2.03,77,1.95,1.16,44,1.24,47,,0.0,0.0,3,3,38.0,38,3420,418,,,25,27.4,50.4,2014-2015
196,Sunderland,,,,,,,,,0.53,20,1.32,50,1.21,0.68,26,0.79,30,,0.0,0.0,4,4,38.0,38,3420,417,,,25,27.8,45.2,2014-2015
197,Swansea City,,,,,,,,,0.89,34,2.03,77,1.97,1.08,41,1.13,43,,0.0,0.0,2,2,38.0,38,3420,418,,,27,26.6,50.1,2014-2015
198,Tottenham,,,,,,,,,1.05,40,2.53,96,2.45,1.39,53,1.47,56,,0.0,0.0,3,5,38.0,38,3420,418,,,27,24.4,57.0,2014-2015
199,West Brom,,,,,,,,,0.76,29,1.74,66,1.63,0.87,33,0.97,37,,0.0,0.0,4,5,38.0,38,3420,418,,,26,28.0,43.7,2014-2015
200,West Ham,,,,,,,,,0.89,34,2.03,77,2.0,1.11,42,1.13,43,,0.0,0.0,1,2,38.0,38,3420,418,,,28,26.8,45.6,2014-2015
201,Arsenal,,,,,,,,,1.26,48,3.05,116,2.97,1.71,65,1.79,68,,0.0,0.0,3,3,38.0,38,3420,418,,,27,26.8,,2013-2014
202,Aston Villa,,,,,,,,,0.66,25,1.66,63,1.61,0.95,36,1.0,38,,0.0,0.0,2,4,38.0,38,3420,418,,,26,24.6,,2013-2014
203,Cardiff City,,,,,,,,,0.63,24,1.45,55,1.42,0.79,30,0.82,31,,0.0,0.0,1,1,38.0,38,3420,418,,,32,25.4,,2013-2014
204,Chelsea,,,,,,,,,1.03,39,2.84,108,2.71,1.68,64,1.82,69,,0.0,0.0,5,7,38.0,38,3420,418,,,29,27.7,,2013-2014
205,Crystal Palace,,,,,,,,,0.55,21,1.39,53,1.26,0.71,27,0.84,32,,0.0,0.0,5,6,38.0,38,3420,418,,,31,28.1,,2013-2014
206,Everton,,,,,,,,,1.11,42,2.63,100,2.55,1.45,55,1.53,58,,0.0,0.0,3,3,38.0,38,3420,418,,,28,27.6,,2013-2014
207,Fulham,,,,,,,,,0.74,28,1.74,66,1.68,0.95,36,1.0,38,,0.0,0.0,2,3,38.0,38,3420,418,,,39,29.0,,2013-2014
208,Hull City,,,,,,,,,0.55,21,1.47,56,1.42,0.87,33,0.92,35,,0.0,0.0,2,3,38.0,38,3420,418,,,27,27.5,,2013-2014
209,Liverpool,,,,,,,,,1.61,61,4.16,158,3.89,2.29,87,2.55,97,,0.0,0.0,10,12,38.0,38,3420,418,,,25,25.7,,2013-2014
210,Manchester City,,,,,,,,,1.66,63,4.21,160,4.05,2.39,91,2.55,97,,0.0,0.0,6,7,38.0,38,3420,418,,,23,27.7,,2013-2014
211,Manchester Utd,,,,,,,,,0.97,37,2.63,100,2.5,1.53,58,1.66,63,,0.0,0.0,5,5,38.0,38,3420,418,,,30,26.7,,2013-2014
212,Newcastle Utd,,,,,,,,,0.66,25,1.74,66,1.68,1.03,39,1.08,41,,0.0,0.0,2,3,38.0,38,3420,418,,,26,26.4,,2013-2014
213,Norwich City,,,,,,,,,0.47,18,1.21,46,1.18,0.71,27,0.74,28,,0.0,0.0,1,2,38.0,38,3420,418,,,25,26.3,,2013-2014
214,Southampton,,,,,,,,,0.97,37,2.34,89,2.26,1.29,49,1.37,52,,0.0,0.0,3,3,38.0,38,3420,418,,,24,25.1,,2013-2014
215,Stoke City,,,,,,,,,0.68,26,1.84,70,1.74,1.05,40,1.16,44,,0.0,0.0,4,5,38.0,38,3420,418,,,26,27.3,,2013-2014
216,Sunderland,,,,,,,,,0.63,24,1.71,65,1.55,0.92,35,1.08,41,,0.0,0.0,6,6,38.0,38,3420,418,,,31,26.5,,2013-2014
217,Swansea City,,,,,,,,,0.97,37,2.21,84,2.11,1.13,43,1.24,47,,0.0,0.0,4,4,38.0,38,3420,418,,,27,26.5,,2013-2014
218,Tottenham,,,,,,,,,0.87,33,2.18,83,2.05,1.18,45,1.32,50,,0.0,0.0,5,6,38.0,38,3420,418,,,28,25.2,,2013-2014
219,West Brom,,,,,,,,,0.71,27,1.79,68,1.74,1.03,39,1.08,41,,0.0,0.0,2,2,38.0,38,3420,418,,,28,28.4,,2013-2014
220,West Ham,,,,,,,,,0.58,22,1.53,58,1.47,0.89,34,0.95,36,,0.0,0.0,2,2,38.0,38,3420,418,,,29,28.5,,2013-2014
221,Arsenal,,,,,,,,,1.42,54,3.24,123,3.11,1.68,64,1.82,69,,4.0,37.0,5,6,38.0,38,3420,418,,,26,25.6,,2012-2013
222,Aston Villa,,,,,,,,,0.89,34,2.13,81,2.05,1.16,44,1.24,47,,3.0,72.0,3,3,38.0,38,3420,418,,,28,24.1,,2012-2013
223,Chelsea,,,,,,,,,1.32,50,3.18,121,2.95,1.63,62,1.87,71,,3.0,51.0,9,11,38.0,38,3420,418,,,26,26.4,,2012-2013
224,Everton,,,,,,,,,1.11,42,2.5,95,2.45,1.34,51,1.39,53,,3.0,59.0,2,2,38.0,38,3420,418,,,23,28.8,,2012-2013
225,Fulham,,,,,,,,,0.84,32,2.03,77,1.87,1.03,39,1.18,45,,3.0,48.0,6,6,38.0,38,3420,418,,,29,30.4,,2012-2013
226,Liverpool,,,,,,,,,1.24,47,3.0,114,2.87,1.63,62,1.76,67,,2.0,54.0,5,6,38.0,38,3420,418,,,28,26.2,,2012-2013
227,Manchester City,,,,,,,,,1.18,45,2.87,109,2.76,1.58,60,1.68,64,,3.0,63.0,4,6,38.0,38,3420,418,,,25,26.7,,2012-2013
228,Manchester Utd,,,,,,,,,1.66,63,3.76,143,3.66,2.0,76,2.11,80,,1.0,57.0,4,7,38.0,38,3420,418,,,25,27.3,,2012-2013
229,Newcastle Utd,,,,,,,,,0.58,22,1.71,65,1.61,1.03,39,1.13,43,,4.0,71.0,4,5,38.0,38,3420,418,,,32,26.2,,2012-2013
230,Norwich City,,,,,,,,,0.71,27,1.76,67,1.74,1.03,39,1.05,40,,1.0,60.0,1,2,38.0,38,3420,418,,,27,26.7,,2012-2013
231,QPR,,,,,,,,,0.58,22,1.34,51,1.32,0.74,28,0.76,29,,3.0,59.0,1,4,38.0,38,3420,418,,,30,28.2,,2012-2013
232,Reading,,,,,,,,,0.74,28,1.82,69,1.71,0.97,37,1.08,41,,1.0,45.0,4,4,38.0,38,3420,418,,,28,27.2,,2012-2013
233,Southampton,,,,,,,,,0.66,25,1.87,71,1.79,1.13,43,1.21,46,,2.0,43.0,3,3,38.0,38,3420,418,,,25,25.3,,2012-2013
234,Stoke City,,,,,,,,,0.61,23,1.47,56,1.39,0.79,30,0.87,33,,4.0,76.0,3,5,38.0,38,3420,418,,,24,27.1,,2012-2013
235,Sunderland,,,,,,,,,0.63,24,1.66,63,1.55,0.92,35,1.03,39,,3.0,61.0,4,4,38.0,38,3420,418,,,29,26.2,,2012-2013
236,Swansea City,,,,,,,,,0.84,32,2.08,79,2.08,1.24,47,1.24,47,,2.0,57.0,0,0,38.0,38,3420,418,,,25,26.6,,2012-2013
237,Tottenham,,,,,,,,,1.18,45,2.82,107,2.82,1.63,62,1.63,62,,2.0,54.0,0,0,38.0,38,3420,418,,,28,26.3,,2012-2013
238,West Brom,,,,,,,,,1.0,38,2.32,88,2.18,1.18,45,1.32,50,,4.0,62.0,5,7,38.0,38,3420,418,,,25,27.6,,2012-2013
239,West Ham,,,,,,,,,0.87,33,2.0,76,1.89,1.03,39,1.13,43,,1.0,74.0,4,4,38.0,38,3420,418,,,26,28.0,,2012-2013
240,Wigan Athletic,,,,,,,,,0.92,35,2.11,80,2.08,1.16,44,1.18,45,,2.0,66.0,1,1,38.0,38,3420,418,,,28,27.7,,2012-2013
241,Arsenal,,,,,,,,,1.5,57,3.42,130,3.37,1.87,71,1.92,73,,4.0,64.0,2,3,38.0,38,3420,418,,,32,25.2,,2011-2012
242,Aston Villa,,,,,,,,,0.68,26,1.66,63,1.58,0.89,34,0.97,37,,2.0,69.0,3,3,38.0,38,3420,418,,,27,27.3,,2011-2012
243,Blackburn,,,,,,,,,0.84,32,2.0,76,1.89,1.05,40,1.16,44,,5.0,66.0,4,8,38.0,38,3420,418,,,31,25.5,,2011-2012
244,Bolton,,,,,,,,,0.76,29,1.89,72,1.76,1.0,38,1.13,43,,5.0,50.0,5,6,38.0,38,3420,418,,,30,27.4,,2011-2012
245,Chelsea,,,,,,,,,1.18,45,2.84,108,2.74,1.55,59,1.66,63,,4.0,74.0,4,5,38.0,38,3420,418,,,29,27.6,,2011-2012
246,Everton,,,,,,,,,0.84,32,2.08,79,1.95,1.11,42,1.24,47,,2.0,61.0,5,5,38.0,38,3420,407,,,30,28.5,,2011-2012
247,Fulham,,,,,,,,,0.82,31,1.97,75,1.89,1.08,41,1.16,44,,0.0,54.0,3,4,38.0,38,3420,418,,,28,29.6,,2011-2012
248,Liverpool,,,,,,,,,0.61,23,1.71,65,1.68,1.08,41,1.11,42,,5.0,52.0,1,4,38.0,38,3420,418,,,26,26.3,,2011-2012
249,Manchester City,,,,,,,,,1.92,73,4.32,164,4.13,2.21,84,2.39,91,,5.0,51.0,7,8,38.0,38,3420,418,,,24,25.8,,2011-2012
250,Manchester Utd,,,,,,,,,1.82,69,4.11,156,3.87,2.05,78,2.29,87,,1.0,51.0,9,11,38.0,38,3420,418,,,31,26.3,,2011-2012
251,Newcastle Utd,,,,,,,,,0.95,36,2.29,87,2.24,1.29,49,1.34,51,,2.0,65.0,2,3,38.0,38,3420,418,,,26,25.6,,2011-2012
252,Norwich City,,,,,,,,,0.87,33,2.24,85,2.18,1.32,50,1.37,52,,3.0,58.0,2,2,38.0,38,3420,418,,,27,25.8,,2011-2012
253,QPR,,,,,,,,,0.66,25,1.74,66,1.68,1.03,39,1.08,41,,9.0,53.0,2,2,38.0,38,3420,418,,,35,28.8,,2011-2012
254,Stoke City,,,,,,,,,0.74,28,1.66,63,1.55,0.82,31,0.92,35,,2.0,60.0,4,6,38.0,38,3420,418,,,23,27.9,,2011-2012
255,Sunderland,,,,,,,,,0.66,25,1.79,68,1.76,1.11,42,1.13,43,,4.0,58.0,1,2,38.0,38,3420,418,,,28,25.8,,2011-2012
256,Swansea City,,,,,,,,,0.63,24,1.76,67,1.63,1.0,38,1.13,43,,2.0,40.0,5,6,38.0,38,3420,418,,,25,25.4,,2011-2012
257,Tottenham,,,,,,,,,1.26,48,3.0,114,2.89,1.63,62,1.74,66,,3.0,43.0,4,5,38.0,38,3420,418,,,29,27.6,,2011-2012
258,West Brom,,,,,,,,,0.79,30,1.95,74,1.92,1.13,43,1.16,44,,1.0,47.0,1,2,38.0,38,3420,418,,,25,27.8,,2011-2012
259,Wigan Athletic,,,,,,,,,0.58,22,1.66,63,1.53,0.95,36,1.08,41,,3.0,67.0,5,7,38.0,38,3420,418,,,23,26.3,,2011-2012
260,Wolves,,,,,,,,,0.66,25,1.71,65,1.63,0.97,37,1.05,40,,4.0,64.0,3,4,38.0,38,3420,418,,,32,26.0,,2011-2012
261,Arsenal,,,,,,,,,1.34,51,3.18,121,3.08,1.74,66,1.84,70,,6.0,65.0,4,7,38.0,38,3420,418,,,27,24.8,,2010-2011
262,Aston Villa,,,,,,,,,0.84,32,2.03,77,1.92,1.08,41,1.18,45,,2.0,70.0,4,6,38.0,38,3420,418,,,32,27.5,,2010-2011
263,Birmingham City,,,,,,,,,0.61,23,1.58,60,1.53,0.92,35,0.97,37,,3.0,56.0,2,2,38.0,38,3420,418,,,26,28.0,,2010-2011
264,Blackburn,,,,,,,,,0.74,28,1.87,71,1.84,1.11,42,1.13,43,,5.0,64.0,1,2,38.0,38,3420,418,,,29,27.8,,2010-2011
265,Blackpool,,,,,,,,,0.76,29,2.18,83,2.0,1.24,47,1.42,54,,2.0,47.0,7,8,38.0,38,3420,418,,,30,26.8,,2010-2011
266,Bolton,,,,,,,,,0.89,34,2.21,84,2.11,1.21,46,1.32,50,,5.0,66.0,4,5,38.0,38,3420,418,,,24,28.1,,2010-2011
267,Chelsea,,,,,,,,,1.03,39,2.82,107,2.66,1.63,62,1.79,68,,1.0,59.0,6,8,38.0,38,3420,418,,,24,28.2,,2010-2011
268,Everton,,,,,,,,,0.87,33,2.18,83,2.11,1.24,47,1.32,50,,5.0,56.0,3,4,38.0,38,3420,418,,,24,28.1,,2010-2011
269,Fulham,,,,,,,,,0.84,32,2.11,80,2.05,1.21,46,1.26,48,,1.0,52.0,2,3,38.0,38,3420,418,,,29,29.8,,2010-2011
270,Liverpool,,,,,,,,,0.79,30,2.32,88,2.13,1.34,51,1.53,58,,2.0,63.0,7,8,38.0,38,3420,418,,,30,26.9,,2010-2011
271,Manchester City,,,,,,,,,0.92,35,2.39,91,2.18,1.26,48,1.47,56,,5.0,71.0,8,9,38.0,38,3420,418,,,27,25.4,,2010-2011
272,Manchester Utd,,,,,,,,,1.55,59,3.53,134,3.45,1.89,72,1.97,75,,3.0,56.0,3,5,38.0,38,3420,418,,,29,28.3,,2010-2011
273,Newcastle Utd,,,,,,,,,0.92,35,2.37,90,2.24,1.32,50,1.45,55,,2.0,78.0,5,5,38.0,38,3420,418,,,30,26.3,,2010-2011
274,Stoke City,,,,,,,,,0.74,28,1.89,72,1.82,1.08,41,1.16,44,,2.0,69.0,3,3,38.0,38,3420,418,,,25,27.6,,2010-2011
275,Sunderland,,,,,,,,,0.61,23,1.68,64,1.58,0.97,37,1.08,41,,5.0,56.0,4,5,38.0,38,3420,418,,,31,25.0,,2010-2011
276,Tottenham,,,,,,,,,0.89,34,2.32,88,2.18,1.29,49,1.42,54,,2.0,50.0,5,5,38.0,38,3420,418,,,28,26.6,,2010-2011
277,West Brom,,,,,,,,,0.97,37,2.34,89,2.24,1.26,48,1.37,52,,7.0,51.0,4,6,38.0,38,3420,418,,,28,26.7,,2010-2011
278,West Ham,,,,,,,,,0.55,21,1.63,62,1.5,0.95,36,1.08,41,,1.0,58.0,5,6,38.0,38,3420,418,,,35,27.9,,2010-2011
279,Wigan Athletic,,,,,,,,,0.53,20,1.5,57,1.45,0.92,35,0.97,37,,4.0,67.0,2,3,38.0,38,3420,418,,,25,25.8,,2010-2011
280,Wolves,,,,,,,,,0.76,29,1.95,74,1.87,1.11,42,1.18,45,,2.0,62.0,3,3,38.0,38,3420,418,,,30,25.8,,2010-2011
281,Arsenal,,,,,,,,,1.39,53,3.47,132,3.39,2.0,76,2.08,79,,1.0,56.0,3,4,38.0,38,3420,418,,,30,25.3,,2009-2010
282,Aston Villa,,,,,,,,,0.89,34,2.16,82,2.03,1.13,43,1.26,48,,2.0,58.0,5,8,38.0,38,3420,418,,,23,27.9,,2009-2010
283,Birmingham City,,,,,,,,,0.58,22,1.53,58,1.47,0.89,34,0.95,36,,1.0,73.0,2,4,38.0,38,3420,418,,,25,26.8,,2009-2010
284,Blackburn,,,,,,,,,0.58,22,1.58,60,1.5,0.92,35,1.0,38,,2.0,57.0,3,3,38.0,38,3420,417,,,28,27.3,,2009-2010
285,Bolton,,,,,,,,,0.63,24,1.74,66,1.63,1.0,38,1.11,42,,5.0,72.0,4,4,38.0,38,3420,418,,,25,27.4,,2009-2010
286,Burnley,,,,,,,,,0.66,25,1.76,67,1.61,0.95,36,1.11,42,,2.0,55.0,6,6,38.0,38,3420,418,,,27,27.9,,2009-2010
287,Chelsea,,,,,,,,,1.68,64,4.29,163,4.0,2.32,88,2.61,99,,5.0,54.0,11,12,38.0,38,3420,418,,,30,28.7,,2009-2010
288,Everton,,,,,,,,,0.87,33,2.34,89,2.21,1.34,51,1.47,56,,2.0,57.0,5,6,38.0,38,3420,418,,,28,27.4,,2009-2010
289,Fulham,,,,,,,,,0.55,21,1.55,59,1.45,0.89,34,1.0,38,,1.0,46.0,4,4,38.0,38,3420,418,,,29,29.2,,2009-2010
290,Hull City,,,,,,,,,0.42,16,1.29,49,1.13,0.71,27,0.87,33,,6.0,63.0,6,8,38.0,38,3420,418,,,30,27.7,,2009-2010
291,Liverpool,,,,,,,,,0.97,37,2.5,95,2.42,1.45,55,1.53,58,,5.0,55.0,3,3,38.0,38,3420,418,,,30,26.3,,2009-2010
292,Manchester City,,,,,,,,,1.26,48,3.18,121,3.05,1.79,68,1.92,73,,2.0,49.0,5,5,38.0,38,3420,418,,,31,27.0,,2009-2010
293,Manchester Utd,,,,,,,,,1.26,48,3.21,122,3.05,1.79,68,1.95,74,,4.0,48.0,6,8,38.0,38,3420,418,,,30,27.8,,2009-2010
294,Portsmouth,,,,,,,,,0.5,19,1.39,53,1.32,0.82,31,0.89,34,,5.0,68.0,3,6,38.0,38,3420,418,,,33,28.2,,2009-2010
295,Stoke City,,,,,,,,,0.61,23,1.45,55,1.39,0.79,30,0.84,32,,5.0,62.0,2,2,38.0,38,3420,418,,,23,28.5,,2009-2010
296,Sunderland,,,,,,,,,0.74,28,1.92,73,1.76,1.03,39,1.18,45,,9.0,78.0,6,9,38.0,38,3420,418,,,28,25.4,,2009-2010
297,Tottenham,,,,,,,,,1.18,45,2.92,111,2.87,1.68,64,1.74,66,,1.0,57.0,2,3,38.0,38,3420,418,,,30,25.4,,2009-2010
298,West Ham,,,,,,,,,0.71,27,1.92,73,1.74,1.03,39,1.21,46,,3.0,63.0,7,9,38.0,38,3420,418,,,30,26.0,,2009-2010
299,Wigan Athletic,,,,,,,,,0.55,21,1.5,57,1.47,0.92,35,0.95,36,,3.0,63.0,1,2,38.0,38,3420,418,,,27,26.3,,2009-2010
300,Wolves,,,,,,,,,0.39,15,1.13,43,1.08,0.68,26,0.74,28,,4.0,61.0,2,2,38.0,38,3420,418,,,29,25.9,,2009-2010
301,Arsenal,,,,,,,,,1.26,48,2.97,113,2.84,1.58,60,1.71,65,,3.0,58.0,5,5,38.0,38,3420,418,,,28,24.1,,2008-2009
302,Aston Villa,,,,,,,,,0.92,35,2.18,83,2.08,1.16,44,1.26,48,,2.0,53.0,4,5,38.0,38,3420,418,,,21,27.1,,2008-2009
303,Blackburn,,,,,,,,,0.74,28,1.79,68,1.68,0.95,36,1.05,40,,4.0,73.0,4,7,38.0,38,3420,418,,,28,28.3,,2008-2009
304,Bolton,,,,,,,,,0.74,28,1.79,68,1.79,1.05,40,1.05,40,,1.0,62.0,0,1,38.0,38,3420,418,,,24,27.3,,2008-2009
305,Chelsea,,,,,,,,,1.18,45,2.89,110,2.84,1.66,63,1.71,65,,2.0,50.0,2,2,38.0,38,3420,418,,,29,27.5,,2008-2009
306,Everton,,,,,,,,,1.0,38,2.42,92,2.32,1.32,50,1.42,54,,1.0,49.0,4,5,38.0,38,3420,417,,,25,26.4,,2008-2009
307,Fulham,,,,,,,,,0.63,24,1.66,63,1.53,0.89,34,1.03,39,,1.0,40.0,5,5,38.0,38,3420,418,,,26,28.8,,2008-2009
308,Hull City,,,,,,,,,0.45,17,1.37,52,1.29,0.84,32,0.92,35,,3.0,70.0,3,3,38.0,38,3420,418,,,29,27.7,,2008-2009
309,Liverpool,,,,,,,,,1.32,50,3.24,123,3.11,1.79,68,1.92,73,,0.0,50.0,5,6,38.0,38,3420,418,,,23,26.5,,2008-2009
310,Manchester City,,,,,,,,,0.92,35,2.39,91,2.24,1.32,50,1.47,56,,4.0,49.0,6,7,38.0,38,3420,418,,,34,24.5,,2008-2009
311,Manchester Utd,,,,,,,,,1.34,51,3.13,119,3.03,1.68,64,1.79,68,,5.0,61.0,4,4,38.0,38,3420,418,,,33,27.1,,2008-2009
312,Middlesbrough,,,,,,,,,0.45,17,1.13,43,1.11,0.66,25,0.68,26,,3.0,54.0,1,3,38.0,38,3420,418,,,28,24.5,,2008-2009
313,Newcastle Utd,,,,,,,,,0.61,23,1.63,62,1.53,0.92,35,1.03,39,,8.0,57.0,4,5,38.0,38,3420,417,,,29,26.8,,2008-2009
314,Portsmouth,,,,,,,,,0.66,25,1.61,61,1.55,0.89,34,0.95,36,,5.0,57.0,2,3,38.0,38,3420,417,,,29,28.6,,2008-2009
315,Stoke City,,,,,,,,,0.61,23,1.55,59,1.42,0.82,31,0.95,36,,5.0,73.0,5,6,38.0,38,3420,418,,,29,28.5,,2008-2009
316,Sunderland,,,,,,,,,0.5,19,1.34,51,1.32,0.82,31,0.84,32,,1.0,69.0,1,1,38.0,38,3420,418,,,30,26.1,,2008-2009
317,Tottenham,,,,,,,,,0.79,30,1.92,73,1.84,1.05,40,1.13,43,,5.0,54.0,3,4,38.0,38,3420,418,,,29,24.9,,2008-2009
318,West Brom,,,,,,,,,0.61,23,1.5,57,1.42,0.82,31,0.89,34,,1.0,66.0,3,5,38.0,38,3420,418,,,30,25.2,,2008-2009
319,West Ham,,,,,,,,,0.66,25,1.74,66,1.71,1.05,40,1.08,41,,4.0,66.0,1,3,38.0,38,3420,418,,,30,26.6,,2008-2009
320,Wigan Athletic,,,,,,,,,0.39,15,1.26,48,1.13,0.74,28,0.87,33,,4.0,59.0,5,5,38.0,38,3420,418,,,29,26.5,,2008-2009
321,Arsenal,,,,,,,,,1.5,57,3.42,130,3.29,1.79,68,1.92,73,,3.0,57.0,5,6,38.0,38,3420,418,,,27,24.6,,2007-2008
322,Aston Villa,,,,,,,,,1.11,42,2.84,108,2.68,1.58,60,1.74,66,,4.0,56.0,6,7,38.0,38,3420,418,,,22,25.5,,2007-2008
323,Birmingham City,,,,,,,,,0.55,21,1.71,65,1.55,1.0,38,1.16,44,,3.0,68.0,6,6,38.0,38,3420,418,,,28,25.3,,2007-2008
324,Blackburn,,,,,,,,,0.84,32,2.16,82,2.03,1.18,45,1.32,50,,6.0,74.0,5,6,38.0,38,3420,418,,,22,28.0,,2007-2008
325,Bolton,,,,,,,,,0.58,22,1.47,56,1.47,0.89,34,0.89,34,,0.0,76.0,0,1,38.0,38,3420,417,,,31,27.5,,2007-2008
326,Chelsea,,,,,,,,,1.37,52,3.05,116,2.87,1.5,57,1.68,64,,5.0,65.0,7,7,38.0,38,3420,417,,,27,27.0,,2007-2008
327,Derby County,,,,,,,,,0.32,12,0.82,31,0.82,0.5,19,0.5,19,,1.0,63.0,0,0,38.0,38,3420,418,,,36,27.6,,2007-2008
328,Everton,,,,,,,,,0.79,30,2.18,83,2.16,1.37,52,1.39,53,,3.0,40.0,1,1,38.0,38,3420,420,,,23,26.9,,2007-2008
329,Fulham,,,,,,,,,0.45,17,1.42,54,1.37,0.92,35,0.97,37,,6.0,60.0,2,3,38.0,38,3420,418,,,33,28.0,,2007-2008
330,Liverpool,,,,,,,,,1.13,43,2.82,107,2.68,1.55,59,1.68,64,,1.0,46.0,5,5,38.0,38,3420,418,,,25,26.2,,2007-2008
331,Manchester City,,,,,,,,,0.79,30,1.89,72,1.84,1.05,40,1.11,42,,4.0,51.0,2,2,38.0,38,3420,418,,,28,24.5,,2007-2008
332,Manchester Utd,,,,,,,,,1.37,52,3.42,130,3.26,1.89,72,2.05,78,,2.0,51.0,6,8,38.0,38,3420,418,,,25,26.7,,2007-2008
333,Middlesbrough,,,,,,,,,0.71,27,1.84,70,1.79,1.08,41,1.13,43,,2.0,86.0,2,2,38.0,38,3420,416,,,30,25.7,,2007-2008
334,Newcastle Utd,,,,,,,,,0.71,27,1.84,70,1.74,1.03,39,1.13,43,,1.0,66.0,4,4,38.0,38,3420,419,,,27,27.0,,2007-2008
335,Portsmouth,,,,,,,,,0.84,32,2.05,78,1.95,1.11,42,1.21,46,,3.0,58.0,4,7,38.0,38,3420,419,,,28,28.2,,2007-2008
336,Reading,,,,,,,,,0.68,26,1.76,67,1.71,1.03,39,1.08,41,,5.0,61.0,2,4,38.0,38,3420,418,,,26,27.6,,2007-2008
337,Sunderland,,,,,,,,,0.55,21,1.5,57,1.47,0.92,35,0.95,36,,4.0,67.0,1,2,38.0,38,3420,418,,,31,24.9,,2007-2008
338,Tottenham,,,,,,,,,0.92,35,2.63,100,2.53,1.61,61,1.71,65,,1.0,52.0,4,6,38.0,38,3420,418,,,30,25.5,,2007-2008
339,West Ham,,,,,,,,,0.76,29,1.79,68,1.74,0.97,37,1.03,39,,2.0,66.0,2,2,38.0,38,3420,418,,,28,26.5,,2007-2008
340,Wigan Athletic,,,,,,,,,0.5,19,1.37,52,1.26,0.76,29,0.87,33,,4.0,60.0,4,5,38.0,38,3420,418,,,27,27.7,,2007-2008
341,Arsenal,,,,,,,,,1.26,48,2.84,108,2.58,1.32,50,1.58,60,,3.0,51.0,10,11,38.0,38,3420,417,,,25,25.1,,2006-2007
342,Aston Villa,,,,,,,,,0.82,31,2.0,76,1.84,1.03,39,1.18,45,,1.0,47.0,6,8,38.0,38,3420,436,,,30,25.5,,2006-2007
343,Blackburn,,,,,,,,,0.87,33,2.16,82,2.03,1.16,44,1.29,49,,8.0,81.0,5,7,38.0,38,3420,399,,,29,28.2,,2006-2007
344,Bolton,,,,,,,,,0.92,35,2.11,80,1.95,1.03,39,1.18,45,,4.0,84.0,6,7,38.0,38,3420,423,,,23,28.2,,2006-2007
345,Charlton Ath,,,,,,,,,0.58,22,1.42,54,1.32,0.74,28,0.84,32,,4.0,60.0,4,4,38.0,38,3420,429,,,29,27.0,,2006-2007
346,Chelsea,,,,,,,,,1.29,49,2.82,107,2.74,1.45,55,1.53,58,,4.0,65.0,3,4,38.0,38,3420,418,,,26,26.7,,2006-2007
347,Everton,,,,,,,,,0.92,35,2.24,85,2.03,1.11,42,1.32,50,,2.0,70.0,8,8,38.0,38,3420,411,,,26,27.0,,2006-2007
348,Fulham,,,,,,,,,0.71,27,1.66,63,1.58,0.87,33,0.95,36,,3.0,60.0,3,3,38.0,38,3420,424,,,25,28.3,,2006-2007
349,Liverpool,,,,,,,,,1.16,44,2.63,100,2.47,1.32,50,1.47,56,,0.0,43.0,6,7,38.0,38,3420,419,,,29,26.1,,2006-2007
350,Manchester City,,,,,,,,,0.55,21,1.29,49,1.24,0.68,26,0.74,28,,4.0,58.0,2,4,38.0,38,3420,394,,,29,26.1,,2006-2007
351,Manchester Utd,,,,,,,,,1.58,60,3.68,140,3.55,1.97,75,2.11,80,,1.0,58.0,5,6,38.0,38,3420,418,,,25,27.3,,2006-2007
352,Middlesbrough,,,,,,,,,0.87,33,2.0,76,1.89,1.03,39,1.13,43,,2.0,65.0,4,5,38.0,38,3420,418,,,27,25.4,,2006-2007
353,Newcastle Utd,,,,,,,,,0.68,26,1.68,64,1.55,0.87,33,1.0,38,,1.0,69.0,5,5,38.0,38,3420,418,,,29,26.1,,2006-2007
354,Portsmouth,,,,,,,,,0.82,31,1.87,71,1.82,1.0,38,1.05,40,,1.0,51.0,2,3,38.0,38,3420,405,,,25,28.3,,2006-2007
355,Reading,,,,,,,,,1.0,38,2.26,86,2.18,1.18,45,1.26,48,,3.0,41.0,3,3,38.0,38,3420,418,,,23,26.9,,2006-2007
356,Sheffield Utd,,,,,,,,,0.55,21,1.37,52,1.32,0.76,29,0.82,31,,2.0,71.0,2,4,38.0,38,3420,408,,,32,26.0,,2006-2007
357,Tottenham,,,,,,,,,0.97,37,2.45,93,2.32,1.34,51,1.47,56,,4.0,51.0,5,5,38.0,38,3420,418,,,26,25.1,,2006-2007
358,Watford,,,,,,,,,0.47,18,1.11,42,1.03,0.55,21,0.63,24,,2.0,48.0,3,3,38.0,38,3420,390,,,33,25.2,,2006-2007
359,West Ham,,,,,,,,,0.68,26,1.61,61,1.58,0.89,34,0.92,35,,2.0,86.0,1,3,38.0,38,3420,442,,,30,25.4,,2006-2007
360,Wigan Athletic,,,,,,,,,0.63,24,1.61,61,1.53,0.89,34,0.97,37,,3.0,81.0,3,6,38.0,38,3420,415,,,30,27.7,,2006-2007
361,Arsenal,,,,,,,,,1.21,46,2.95,112,2.84,1.63,62,1.74,66,,2.0,55.0,4,7,38.0,38,3420,418,,,27,26.2,,2005-2006
362,Aston Villa,,,,,,,,,0.92,35,2.0,76,1.97,1.05,40,1.08,41,,2.0,63.0,1,4,38.0,38,3420,416,,,27,25.2,,2005-2006
363,Birmingham City,,,,,,,,,0.5,19,1.18,45,1.13,0.63,24,0.68,26,,7.0,53.0,2,2,38.0,38,3420,417,,,30,28.0,,2005-2006
364,Blackburn,,,,,,,,,0.76,29,2.05,78,1.95,1.18,45,1.29,49,,6.0,78.0,4,4,38.0,38,3420,418,,,25,28.0,,2005-2006
365,Bolton,,,,,,,,,0.87,33,2.11,80,2.05,1.18,45,1.24,47,,3.0,64.0,2,4,38.0,38,3420,419,,,24,28.0,,2005-2006
366,Charlton Ath,,,,,,,,,0.76,29,1.84,70,1.74,0.97,37,1.08,41,,2.0,44.0,4,4,38.0,38,3420,422,,,28,27.9,,2005-2006
367,Chelsea,,,,,,,,,1.32,50,3.18,121,3.08,1.76,67,1.87,71,,5.0,64.0,4,4,38.0,38,3420,418,,,25,25.9,,2005-2006
368,Everton,,,,,,,,,0.66,25,1.5,57,1.47,0.82,31,0.84,32,,7.0,66.0,1,3,38.0,38,3420,422,,,28,27.8,,2005-2006
369,Fulham,,,,,,,,,0.92,35,2.16,82,2.05,1.13,43,1.24,47,,2.0,65.0,4,4,38.0,38,3420,417,,,27,27.9,,2005-2006
370,Liverpool,,,,,,,,,1.11,42,2.53,96,2.42,1.32,50,1.42,54,,5.0,50.0,4,5,38.0,38,3420,415,,,24,26.3,,2005-2006
371,Manchester City,,,,,,,,,0.82,31,1.92,73,1.89,1.08,41,1.11,42,,4.0,70.0,1,2,38.0,38,3420,418,,,26,27.3,,2005-2006
372,Manchester Utd,,,,,,,,,1.32,50,3.11,118,3.05,1.74,66,1.79,68,,2.0,61.0,2,3,38.0,38,3420,417,,,26,26.4,,2005-2006
373,Middlesbrough,,,,,,,,,0.89,34,2.16,82,2.03,1.13,43,1.26,48,,3.0,54.0,5,5,38.0,38,3420,413,,,37,26.5,,2005-2006
374,Newcastle Utd,,,,,,,,,0.82,31,2.0,76,1.87,1.05,40,1.18,45,,6.0,64.0,5,5,38.0,38,3420,414,,,26,26.7,,2005-2006
375,Portsmouth,,,,,,,,,0.58,22,1.53,58,1.47,0.89,34,0.95,36,,1.0,55.0,2,2,38.0,38,3420,419,,,34,26.7,,2005-2006
376,Sunderland,,,,,,,,,0.39,15,1.03,39,0.97,0.58,22,0.63,24,,4.0,69.0,2,2,38.0,38,3420,410,,,28,25.0,,2005-2006
377,Tottenham,,,,,,,,,1.0,38,2.37,90,2.26,1.26,48,1.37,52,,5.0,51.0,4,6,38.0,38,3420,414,,,29,24.9,,2005-2006
378,West Brom,,,,,,,,,0.47,18,1.29,49,1.26,0.79,30,0.82,31,,2.0,47.0,1,2,38.0,38,3420,418,,,29,26.4,,2005-2006
379,West Ham,,,,,,,,,0.76,29,2.03,77,1.95,1.18,45,1.26,48,,2.0,50.0,3,5,38.0,38,3420,415,,,28,26.0,,2005-2006
380,Wigan Athletic,,,,,,,,,0.79,30,1.95,74,1.92,1.13,43,1.16,44,,4.0,54.0,1,1,38.0,38,3420,420,,,25,28.3,,2005-2006
381,Arsenal,,,,,,,,,1.79,68,4.05,154,3.97,2.18,83,2.26,86,,1.0,46.0,3,4,38.0,38,3420,417,,,25,26.2,,2004-2005
382,Aston Villa,,,,,,,,,0.89,34,2.03,77,1.95,1.05,40,1.13,43,,2.0,55.0,3,6,38.0,38,3420,421,,,22,25.7,,2004-2005
383,Birmingham City,,,,,,,,,0.63,24,1.61,61,1.55,0.92,35,0.97,37,,3.0,62.0,2,2,38.0,38,3420,417,,,27,27.9,,2004-2005
384,Blackburn,,,,,,,,,0.63,24,1.45,55,1.39,0.76,29,0.82,31,,5.0,73.0,2,3,38.0,38,3420,414,,,31,27.8,,2004-2005
385,Bolton,,,,,,,,,0.87,33,2.16,82,2.03,1.16,44,1.29,49,,2.0,58.0,5,6,38.0,38,3420,418,,,25,28.6,,2004-2005
386,Charlton Ath,,,,,,,,,0.74,28,1.82,69,1.82,1.08,41,1.08,41,,4.0,38.0,0,0,38.0,38,3420,414,,,22,28.0,,2004-2005
387,Chelsea,,,,,,,,,1.53,58,3.39,129,3.26,1.74,66,1.87,71,,0.0,49.0,5,6,38.0,38,3420,422,,,30,25.2,,2004-2005
388,Crystal Palace,,,,,,,,,0.68,26,1.82,69,1.55,0.87,33,1.13,43,,3.0,58.0,10,12,38.0,38,3420,418,,,27,25.7,,2004-2005
389,Everton,,,,,,,,,0.89,34,2.08,79,2.03,1.13,43,1.18,45,,4.0,56.0,2,3,38.0,38,3420,414,,,22,28.5,,2004-2005
390,Fulham,,,,,,,,,1.03,39,2.39,91,2.34,1.32,50,1.37,52,,7.0,56.0,2,4,38.0,38,3420,418,,,24,27.7,,2004-2005
391,Liverpool,,,,,,,,,1.11,42,2.39,91,2.32,1.21,46,1.29,49,,2.0,46.0,3,5,38.0,38,3420,414,,,29,26.2,,2004-2005
392,Manchester City,,,,,,,,,0.87,33,2.05,78,1.92,1.05,40,1.18,45,,3.0,44.0,5,6,38.0,38,3420,418,,,25,27.3,,2004-2005
393,Manchester Utd,,,,,,,,,1.18,45,2.68,102,2.61,1.42,54,1.5,57,,5.0,56.0,3,4,38.0,38,3420,416,,,26,26.0,,2004-2005
394,Middlesbrough,,,,,,,,,1.03,39,2.32,88,2.29,1.26,48,1.29,49,,2.0,54.0,1,1,38.0,38,3420,418,,,27,28.4,,2004-2005
395,Newcastle Utd,,,,,,,,,0.84,32,2.0,76,1.92,1.08,41,1.16,44,,5.0,63.0,3,3,38.0,38,3420,435,,,27,25.9,,2004-2005
396,Norwich City,,,,,,,,,0.76,29,1.84,70,1.76,1.0,38,1.08,41,,2.0,36.0,3,4,38.0,38,3420,422,,,25,27.6,,2004-2005
397,Portsmouth,,,,,,,,,0.79,30,1.87,71,1.71,0.92,35,1.08,41,,2.0,52.0,6,6,38.0,38,3420,386,,,26,27.6,,2004-2005
398,Southampton,,,,,,,,,0.79,30,1.95,74,1.87,1.08,41,1.16,44,,2.0,45.0,3,3,38.0,38,3420,415,,,35,28.4,,2004-2005
399,Tottenham,,,,,,,,,0.84,32,2.08,79,2.05,1.21,46,1.24,47,,1.0,55.0,1,1,38.0,38,3420,412,,,31,24.8,,2004-2005
400,West Brom,,,,,,,,,0.66,25,1.55,59,1.5,0.84,32,0.89,34,,5.0,41.0,2,3,38.0,38,3420,422,,,27,27.1,,2004-2005
401,Arsenal,,,,,,,,,1.37,52,3.18,121,3.0,1.63,62,1.82,69,,3.0,51.0,7,7,38.0,38,3420,419,,,22,27.3,,2003-2004
402,Aston Villa,,,,,,,,,0.89,34,2.16,82,2.05,1.16,44,1.26,48,,3.0,52.0,4,5,38.0,38,3420,418,,,23,25.7,,2003-2004
403,Birmingham City,,,,,,,,,0.76,29,1.89,72,1.79,1.03,39,1.13,43,,5.0,45.0,4,5,38.0,38,3420,428,,,27,27.4,,2003-2004
404,Blackburn,,,,,,,,,1.03,39,2.39,91,2.39,1.37,52,1.37,52,,3.0,58.0,0,0,38.0,38,3420,412,,,28,28.2,,2003-2004
405,Bolton,,,,,,,,,0.92,35,2.16,82,2.13,1.21,46,1.24,47,,0.0,63.0,1,1,38.0,38,3420,433,,,24,28.5,,2003-2004
406,Charlton Ath,,,,,,,,,0.76,29,2.08,79,1.92,1.16,44,1.32,50,,3.0,35.0,6,8,38.0,38,3420,406,,,24,28.4,,2003-2004
407,Chelsea,,,,,,,,,1.53,58,3.29,125,3.18,1.66,63,1.76,67,,3.0,44.0,4,4,38.0,38,3420,438,,,27,25.9,,2003-2004
408,Everton,,,,,,,,,0.82,31,1.92,73,1.89,1.08,41,1.11,42,,3.0,53.0,1,1,38.0,38,3420,414,,,27,27.4,,2003-2004
409,Fulham,,,,,,,,,0.84,32,2.21,84,2.16,1.32,50,1.37,52,,3.0,59.0,2,3,38.0,38,3420,421,,,30,27.0,,2003-2004
410,Leeds United,,,,,,,,,0.74,28,1.79,68,1.68,0.95,36,1.05,40,,5.0,70.0,4,4,38.0,38,3420,404,,,30,25.1,,2003-2004
411,Leicester City,,,,,,,,,0.97,37,2.16,82,2.11,1.13,43,1.18,45,,8.0,58.0,2,3,38.0,38,3420,391,,,30,29.3,,2003-2004
412,Liverpool,,,,,,,,,0.95,36,2.34,89,2.13,1.18,45,1.39,53,,1.0,46.0,8,10,38.0,38,3420,408,,,26,26.0,,2003-2004
413,Manchester City,,,,,,,,,0.97,37,2.34,89,2.24,1.26,48,1.37,52,,3.0,46.0,4,4,38.0,38,3420,418,,,24,27.9,,2003-2004
414,Manchester Utd,,,,,,,,,1.42,54,3.08,117,3.05,1.63,62,1.66,63,,3.0,42.0,1,4,38.0,38,3420,418,,,22,25.8,,2003-2004
415,Middlesbrough,,,,,,,,,0.74,28,1.84,70,1.76,1.03,39,1.11,42,,1.0,52.0,3,5,38.0,38,3420,418,,,27,27.6,,2003-2004
416,Newcastle Utd,,,,,,,,,0.87,33,2.26,86,2.08,1.21,46,1.39,53,,3.0,47.0,7,10,38.0,38,3420,429,,,24,25.8,,2003-2004
417,Portsmouth,,,,,,,,,0.82,31,2.11,80,2.03,1.21,46,1.29,49,,3.0,60.0,3,3,38.0,38,3420,433,,,32,28.6,,2003-2004
418,Southampton,,,,,,,,,0.71,27,1.84,70,1.79,1.08,41,1.13,43,,3.0,51.0,2,2,38.0,38,3420,403,,,28,28.1,,2003-2004
419,Tottenham,,,,,,,,,0.87,33,2.11,80,2.03,1.16,44,1.24,47,,0.0,45.0,3,3,38.0,38,3420,407,,,28,26.2,,2003-2004
420,Wolves,,,,,,,,,0.66,25,1.68,64,1.66,1.0,38,1.03,39,,2.0,65.0,1,4,38.0,38,3420,428,,,27,29.6,,2003-2004
421,Arsenal,,,,,,,,,1.74,66,3.95,150,3.82,2.08,79,2.21,84,,2.0,47.0,5,6,38.0,38,3420,418,,,28,27.8,,2002-2003
422,Aston Villa,,,,,,,,,0.76,29,1.87,71,1.79,1.03,39,1.11,42,,4.0,58.0,3,4,38.0,38,3420,418,,,27,26.2,,2002-2003
423,Birmingham City,,,,,,,,,0.68,26,1.74,66,1.63,0.95,36,1.05,40,,3.0,66.0,4,5,38.0,38,3420,418,,,33,27.9,,2002-2003
424,Blackburn,,,,,,,,,1.0,38,2.32,88,2.18,1.18,45,1.32,50,,4.0,55.0,5,6,38.0,38,3420,418,,,28,27.7,,2002-2003
425,Bolton,,,,,,,,,0.63,24,1.63,62,1.61,0.97,37,1.0,38,,3.0,54.0,1,2,38.0,38,3420,418,,,27,29.1,,2002-2003
426,Charlton Ath,,,,,,,,,0.63,24,1.76,67,1.66,1.03,39,1.13,43,,1.0,47.0,4,5,38.0,38,3420,420,,,26,27.0,,2002-2003
427,Chelsea,,,,,,,,,1.05,40,2.82,107,2.74,1.68,64,1.76,67,,1.0,54.0,3,3,38.0,38,3420,416,,,23,27.8,,2002-2003
428,Everton,,,,,,,,,0.84,32,2.11,80,2.0,1.16,44,1.26,48,,5.0,39.0,4,4,38.0,38,3420,392,,,28,27.4,,2002-2003
429,Fulham,,,,,,,,,0.61,23,1.61,61,1.45,0.84,32,1.0,38,,6.0,46.0,6,7,38.0,38,3420,417,,,27,27.3,,2002-2003
430,Leeds United,,,,,,,,,1.03,39,2.45,93,2.34,1.32,50,1.42,54,,1.0,62.0,4,5,38.0,38,3420,401,,,29,25.8,,2002-2003
431,Liverpool,,,,,,,,,1.29,49,2.89,110,2.79,1.5,57,1.61,61,,1.0,35.0,4,6,38.0,38,3420,418,,,23,24.9,,2002-2003
432,Manchester City,,,,,,,,,1.05,40,2.29,87,2.24,1.18,45,1.24,47,,5.0,40.0,2,2,38.0,38,3420,419,,,26,27.8,,2002-2003
433,Manchester Utd,,,,,,,,,1.47,56,3.39,129,3.16,1.68,64,1.92,73,,1.0,39.0,9,9,38.0,38,3420,418,,,26,27.0,,2002-2003
434,Middlesbrough,,,,,,,,,0.82,31,2.08,79,2.03,1.21,46,1.26,48,,4.0,43.0,2,3,38.0,38,3420,418,,,29,26.4,,2002-2003
435,Newcastle Utd,,,,,,,,,1.11,42,2.76,105,2.68,1.58,60,1.66,63,,2.0,40.0,3,4,38.0,38,3420,420,,,26,24.8,,2002-2003
436,Southampton,,,,,,,,,0.63,24,1.74,66,1.58,0.95,36,1.11,42,,3.0,33.0,6,6,38.0,38,3420,417,,,26,27.2,,2002-2003
437,Sunderland,,,,,,,,,0.42,16,0.97,37,0.95,0.53,20,0.55,21,,0.0,47.0,1,3,38.0,38,3420,413,,,34,26.0,,2002-2003
438,Tottenham,,,,,,,,,0.92,35,2.24,85,2.16,1.24,47,1.32,50,,4.0,50.0,3,3,38.0,38,3420,414,,,25,28.1,,2002-2003
439,West Brom,,,,,,,,,0.29,11,1.05,40,1.03,0.74,28,0.76,29,,4.0,45.0,1,1,38.0,38,3420,418,,,23,27.2,,2002-2003
440,West Ham,,,,,,,,,0.76,29,1.84,70,1.74,0.97,37,1.08,41,,4.0,49.0,4,5,38.0,38,3420,422,,,24,27.3,,2002-2003
441,Arsenal,,,,,,,,,1.42,54,3.5,133,3.34,1.92,73,2.08,79,,6.0,77.0,6,7,38.0,38,3420,431,,,25,27.3,,2001-2002
442,Aston Villa,,,,,,,,,1.0,38,2.16,82,2.11,1.11,42,1.16,44,,2.0,41.0,2,2,38.0,38,3420,410,,,23,27.2,,2001-2002
443,Blackburn,,,,,,,,,1.03,39,2.45,93,2.42,1.39,53,1.42,54,,4.0,57.0,1,1,38.0,38,3420,416,,,27,27.2,,2001-2002
444,Bolton,,,,,,,,,0.66,25,1.76,67,1.76,1.11,42,1.11,42,,6.0,57.0,0,1,38.0,38,3420,407,,,30,28.5,,2001-2002
445,Charlton Ath,,,,,,,,,0.66,25,1.61,61,1.61,0.95,36,0.95,36,,3.0,63.0,0,1,38.0,38,3420,418,,,25,26.6,,2001-2002
446,Chelsea,,,,,,,,,1.13,43,2.84,108,2.76,1.63,62,1.71,65,,2.0,63.0,3,3,38.0,38,3420,411,,,25,26.8,,2001-2002
447,Derby County,,,,,,,,,0.61,23,1.47,56,1.42,0.82,31,0.87,33,,2.0,71.0,2,5,38.0,38,3420,409,,,34,25.8,,2001-2002
448,Everton,,,,,,,,,0.82,31,1.97,75,1.89,1.08,41,1.16,44,,4.0,58.0,3,3,38.0,38,3420,401,,,28,28.0,,2001-2002
449,Fulham,,,,,,,,,0.74,28,1.66,63,1.63,0.89,34,0.92,35,,1.0,53.0,1,3,38.0,38,3420,415,,,24,27.7,,2001-2002
450,Ipswich Town,,,,,,,,,0.84,32,1.92,73,1.89,1.05,40,1.08,41,,1.0,42.0,1,3,38.0,38,3420,410,,,26,27.2,,2001-2002
451,Leeds United,,,,,,,,,1.21,46,2.63,100,2.61,1.39,53,1.42,54,,5.0,70.0,1,2,38.0,38,3420,433,,,21,26.0,,2001-2002
452,Leicester City,,,,,,,,,0.55,21,1.32,50,1.26,0.71,27,0.76,29,,3.0,74.0,2,4,38.0,38,3420,415,,,33,27.2,,2001-2002
453,Liverpool,,,,,,,,,1.34,51,3.0,114,2.97,1.63,62,1.66,63,,2.0,45.0,1,3,38.0,38,3420,418,,,27,25.5,,2001-2002
454,Manchester Utd,,,,,,,,,1.47,56,3.61,137,3.47,2.0,76,2.13,81,,1.0,53.0,5,5,38.0,38,3420,402,,,28,27.5,,2001-2002
455,Middlesbrough,,,,,,,,,0.55,21,1.42,54,1.37,0.82,31,0.87,33,,7.0,54.0,2,3,38.0,38,3420,409,,,35,28.2,,2001-2002
456,Newcastle Utd,,,,,,,,,1.39,53,3.29,125,3.16,1.76,67,1.89,72,,2.0,48.0,5,7,38.0,38,3420,390,,,24,25.9,,2001-2002
457,Southampton,,,,,,,,,0.79,30,1.89,72,1.79,1.0,38,1.11,42,,3.0,33.0,4,4,38.0,38,3420,390,,,30,27.5,,2001-2002
458,Sunderland,,,,,,,,,0.5,19,1.26,48,1.24,0.74,28,0.76,29,,1.0,66.0,1,3,38.0,38,3420,415,,,26,26.6,,2001-2002
459,Tottenham,,,,,,,,,0.87,33,2.13,81,2.05,1.18,45,1.26,48,,4.0,59.0,3,3,38.0,38,3420,411,,,24,28.7,,2001-2002
460,West Ham,,,,,,,,,0.89,34,2.16,82,2.05,1.16,44,1.26,48,,3.0,67.0,4,5,38.0,38,3420,419,,,28,27.4,,2001-2002
461,Arsenal,,,,,,,,,1.37,52,3.0,114,2.97,1.61,61,1.63,62,,3.0,48.0,1,2,38.0,38,3420,418,,,26,28.3,,2000-2001
462,Aston Villa,,,,,,,,,0.92,35,2.13,81,2.11,1.18,45,1.21,46,,3.0,64.0,1,1,38.0,38,3420,419,,,23,28.1,,2000-2001
463,Bradford City,,,,,,,,,0.45,17,1.13,43,1.05,0.61,23,0.68,26,,1.0,58.0,3,5,38.0,38,3420,366,,,30,30.2,,2000-2001
464,Charlton Ath,,,,,,,,,0.87,33,2.11,80,2.03,1.16,44,1.24,47,,2.0,47.0,3,3,38.0,38,3420,418,,,27,26.8,,2000-2001
465,Chelsea,,,,,,,,,1.29,49,3.05,116,2.95,1.66,63,1.76,67,,2.0,75.0,4,4,38.0,38,3420,411,,,27,28.1,,2000-2001
466,Coventry City,,,,,,,,,0.58,22,1.45,55,1.37,0.79,30,0.87,33,,2.0,76.0,3,3,38.0,38,3420,418,,,28,25.7,,2000-2001
467,Derby County,,,,,,,,,0.63,24,1.58,60,1.53,0.89,34,0.95,36,,3.0,79.0,2,3,38.0,38,3420,415,,,32,25.3,,2000-2001
468,Everton,,,,,,,,,0.74,28,1.92,73,1.79,1.05,40,1.18,45,,4.0,78.0,5,7,38.0,38,3420,414,,,31,27.0,,2000-2001
469,Ipswich Town,,,,,,,,,1.03,39,2.5,95,2.42,1.39,53,1.47,56,,2.0,32.0,3,3,38.0,38,3420,438,,,23,26.3,,2000-2001
470,Leeds United,,,,,,,,,1.16,44,2.82,107,2.74,1.58,60,1.66,63,,3.0,72.0,3,4,38.0,38,3420,425,,,26,24.6,,2000-2001
471,Leicester City,,,,,,,,,0.82,31,1.84,70,1.76,0.95,36,1.03,39,,2.0,57.0,3,3,38.0,38,3420,425,,,29,27.4,,2000-2001
472,Liverpool,,,,,,,,,1.26,48,3.11,118,3.03,1.76,67,1.84,70,,4.0,53.0,3,4,38.0,38,3420,415,,,26,25.4,,2000-2001
473,Manchester City,,,,,,,,,0.74,28,1.74,66,1.68,0.95,36,1.0,38,,3.0,68.0,2,2,38.0,38,3420,434,,,30,26.1,,2000-2001
474,Manchester Utd,,,,,,,,,1.58,60,3.61,137,3.55,1.97,75,2.03,77,,3.0,44.0,2,3,38.0,38,3420,418,,,29,26.9,,2000-2001
475,Middlesbrough,,,,,,,,,0.66,25,1.79,68,1.71,1.05,40,1.13,43,,6.0,73.0,3,3,38.0,38,3420,438,,,28,29.3,,2000-2001
476,Newcastle Utd,,,,,,,,,0.71,27,1.82,69,1.68,0.97,37,1.11,42,,5.0,48.0,5,7,38.0,38,3420,424,,,29,26.0,,2000-2001
477,Southampton,,,,,,,,,0.74,28,1.79,68,1.79,1.05,40,1.05,40,,1.0,49.0,0,0,38.0,38,3420,433,,,24,27.1,,2000-2001
478,Sunderland,,,,,,,,,0.84,32,2.05,78,2.0,1.16,44,1.21,46,,5.0,78.0,2,4,38.0,38,3420,395,,,28,26.4,,2000-2001
479,Tottenham,,,,,,,,,0.82,31,2.03,77,1.95,1.13,43,1.21,46,,3.0,47.0,3,4,38.0,38,3420,418,,,29,26.3,,2000-2001
480,West Ham,,,,,,,,,0.79,30,1.97,75,1.87,1.08,41,1.18,45,,2.0,70.0,4,4,38.0,38,3420,409,,,34,27.7,,2000-2001
481,Arsenal,,,,,,,,,1.29,49,3.16,120,3.08,1.79,68,1.87,71,,5.0,61.0,3,5,38.0,38,3420,417,,,30,28.3,,1999-2000
482,Aston Villa,,,,,,,,,1.08,41,2.34,89,2.26,1.18,45,1.26,48,,1.0,58.0,3,5,38.0,38,3420,420,,,25,26.6,,1999-2000
483,Bradford City,,,,,,,,,0.55,21,1.53,58,1.39,0.84,32,0.97,37,,1.0,49.0,5,5,38.0,38,3420,418,,,25,29.8,,1999-2000
484,Chelsea,,,,,,,,,1.18,45,2.45,93,2.42,1.24,47,1.26,48,,4.0,54.0,1,1,38.0,38,3420,434,,,27,28.9,,1999-2000
485,Coventry City,,,,,,,,,0.84,32,2.05,78,1.92,1.08,41,1.21,46,,1.0,49.0,5,5,38.0,38,3420,412,,,30,27.1,,1999-2000
486,Derby County,,,,,,,,,0.74,28,1.84,70,1.79,1.05,40,1.11,42,,4.0,84.0,2,4,38.0,38,3420,418,,,31,26.2,,1999-2000
487,Everton,,,,,,,,,1.26,48,2.79,106,2.63,1.37,52,1.53,58,,5.0,50.0,6,7,38.0,38,3420,437,,,28,27.4,,1999-2000
488,Leeds United,,,,,,,,,0.95,36,2.45,93,2.34,1.39,53,1.5,57,,3.0,72.0,4,6,38.0,38,3420,417,,,20,24.1,,1999-2000
489,Leicester City,,,,,,,,,0.89,34,2.29,87,2.21,1.32,50,1.39,53,,3.0,39.0,3,3,38.0,38,3420,417,,,26,27.8,,1999-2000
490,Liverpool,,,,,,,,,0.79,30,2.11,80,2.03,1.24,47,1.32,50,,4.0,55.0,3,5,38.0,38,3420,418,,,23,24.3,,1999-2000
491,Manchester Utd,,,,,,,,,1.82,69,4.29,163,4.21,2.39,91,2.47,94,,4.0,38.0,3,5,38.0,38,3420,417,,,29,26.8,,1999-2000
492,Middlesbrough,,,,,,,,,0.68,26,1.84,70,1.68,1.0,38,1.16,44,,3.0,75.0,6,9,38.0,38,3420,418,,,28,28.5,,1999-2000
493,Newcastle Utd,,,,,,,,,1.13,43,2.71,103,2.55,1.42,54,1.58,60,,1.0,43.0,6,6,38.0,38,3420,418,,,32,26.8,,1999-2000
494,Sheffield Weds,,,,,,,,,0.63,24,1.53,58,1.45,0.82,31,0.89,34,,1.0,40.0,3,4,38.0,38,3420,399,,,25,28.4,,1999-2000
495,Southampton,,,,,,,,,0.84,32,1.95,74,1.92,1.08,41,1.11,42,,5.0,62.0,1,1,38.0,38,3420,402,,,29,27.4,,1999-2000
496,Sunderland,,,,,,,,,1.03,39,2.53,96,2.37,1.34,51,1.5,57,,3.0,66.0,6,8,38.0,38,3420,417,,,27,26.9,,1999-2000
497,Tottenham,,,,,,,,,1.05,40,2.5,95,2.47,1.42,54,1.45,55,,1.0,75.0,1,1,38.0,38,3420,418,,,28,26.7,,1999-2000
498,Watford,,,,,,,,,0.74,28,1.66,63,1.61,0.87,33,0.92,35,,2.0,60.0,2,2,38.0,38,3420,419,,,31,26.2,,1999-2000
499,West Ham,,,,,,,,,1.11,42,2.45,93,2.39,1.29,49,1.34,51,,6.0,61.0,2,2,38.0,38,3420,419,,,28,26.7,,1999-2000
500,Wimbledon,,,,,,,,,0.87,33,2.03,77,2.0,1.13,43,1.16,44,,4.0,43.0,1,1,38.0,38,3420,418,,,26,26.7,,1999-2000
501,Arsenal,,,,,,,,,1.11,42,2.63,100,2.58,1.47,56,1.53,58,,7.0,71.0,2,4,38.0,38,3420,418,,,26,28.3,,1998-1999
502,Aston Villa,,,,,,,,,0.84,32,2.16,82,2.11,1.26,48,1.32,50,,2.0,60.0,2,4,38.0,38,3420,436,,,24,25.9,,1998-1999
503,Blackburn,,,,,,,,,0.74,28,1.63,62,1.58,0.84,32,0.89,34,,6.0,77.0,2,4,38.0,38,3420,411,,,30,25.5,,1998-1999
504,Charlton Ath,,,,,,,,,0.63,24,1.66,63,1.55,0.92,35,1.03,39,,3.0,59.0,4,6,38.0,38,3420,418,,,27,27.5,,1998-1999
505,Chelsea,,,,,,,,,1.0,38,2.47,94,2.39,1.39,53,1.47,56,,4.0,88.0,3,4,38.0,38,3420,419,,,26,28.5,,1998-1999
506,Coventry City,,,,,,,,,0.68,26,1.71,65,1.66,0.97,37,1.03,39,,1.0,70.0,2,2,38.0,38,3420,416,,,28,27.1,,1998-1999
507,Derby County,,,,,,,,,0.68,26,1.74,66,1.63,0.95,36,1.05,40,,1.0,76.0,4,6,38.0,38,3420,417,,,30,26.1,,1998-1999
508,Everton,,,,,,,,,0.74,28,1.89,72,1.82,1.08,41,1.16,44,,5.0,90.0,3,6,38.0,38,3420,436,,,34,25.1,,1998-1999
509,Leeds United,,,,,,,,,1.0,38,2.61,99,2.55,1.55,59,1.61,61,,1.0,79.0,2,3,38.0,38,3420,424,,,24,24.8,,1998-1999
510,Leicester City,,,,,,,,,0.84,32,1.89,72,1.84,1.0,38,1.05,40,,1.0,51.0,2,3,38.0,38,3420,424,,,24,27.4,,1998-1999
511,Liverpool,,,,,,,,,1.13,43,2.92,111,2.74,1.61,61,1.79,68,,3.0,67.0,7,7,38.0,38,3420,412,,,25,25.7,,1998-1999
512,Manchester Utd,,,,,,,,,1.63,62,3.68,140,3.63,2.0,76,2.05,78,,3.0,58.0,2,4,38.0,38,3420,419,,,23,26.5,,1998-1999
513,Middlesbrough,,,,,,,,,0.79,30,2.03,77,2.0,1.21,46,1.24,47,,4.0,55.0,1,1,38.0,38,3420,417,,,29,28.4,,1998-1999
514,Newcastle Utd,,,,,,,,,0.68,26,1.92,73,1.76,1.08,41,1.24,47,,2.0,79.0,6,7,38.0,38,3420,399,,,34,25.6,,1998-1999
515,Nott'ham Forest,,,,,,,,,0.61,23,1.53,58,1.47,0.87,33,0.92,35,,6.0,85.0,2,2,38.0,38,3420,417,,,33,26.9,,1998-1999
516,Sheffield Weds,,,,,,,,,0.76,29,1.79,68,1.76,1.0,38,1.03,39,,4.0,47.0,1,2,38.0,38,3420,409,,,31,27.7,,1998-1999
517,Southampton,,,,,,,,,0.71,27,1.63,62,1.61,0.89,34,0.92,35,,2.0,75.0,1,1,38.0,38,3420,394,,,31,27.9,,1998-1999
518,Tottenham,,,,,,,,,0.87,33,2.13,81,2.08,1.21,46,1.26,48,,5.0,68.0,2,3,38.0,38,3420,424,,,29,26.6,,1998-1999
519,West Ham,,,,,,,,,0.84,32,2.11,80,2.08,1.24,47,1.26,48,,4.0,80.0,1,1,38.0,38,3420,417,,,29,26.3,,1998-1999
520,Wimbledon,,,,,,,,,0.87,33,1.92,73,1.89,1.03,39,1.05,40,,1.0,57.0,1,1,38.0,38,3420,418,,,23,26.9,,1998-1999
521,Arsenal,,,,,,,,,1.47,56,3.21,122,3.08,1.61,61,1.74,66,,4.0,72.0,5,6,38.0,38,3420,415,,,26,28.2,,1997-1998
522,Aston Villa,,,,,,,,,1.03,39,2.32,88,2.24,1.21,46,1.29,49,,2.0,45.0,3,4,38.0,38,3420,416,,,22,25.8,,1997-1998
523,Barnsley,,,,,,,,,0.47,18,1.45,55,1.37,0.89,34,0.97,37,,5.0,68.0,3,5,38.0,38,3420,387,,,26,26.2,,1997-1998
524,Blackburn,,,,,,,,,1.42,54,2.87,109,2.82,1.39,53,1.45,55,,4.0,58.0,2,2,38.0,38,3420,410,,,24,26.9,,1997-1998
525,Bolton,,,,,,,,,0.87,33,1.95,74,1.87,1.0,38,1.08,41,,5.0,68.0,3,3,38.0,38,3420,433,,,28,28.0,,1997-1998
526,Chelsea,,,,,,,,,1.74,66,3.5,133,3.34,1.61,61,1.76,67,,3.0,68.0,6,6,38.0,38,3420,416,,,28,27.9,,1997-1998
527,Coventry City,,,,,,,,,0.84,32,2.05,78,1.92,1.08,41,1.21,46,,5.0,70.0,5,7,38.0,38,3420,398,,,26,27.3,,1997-1998
528,Crystal Palace,,,,,,,,,0.71,27,1.63,62,1.61,0.89,34,0.92,35,,3.0,72.0,1,2,38.0,38,3420,389,,,36,25.6,,1997-1998
529,Derby County,,,,,,,,,0.95,36,2.32,88,2.18,1.24,47,1.37,52,,2.0,80.0,5,6,38.0,38,3420,416,,,28,25.5,,1997-1998
530,Everton,,,,,,,,,0.79,30,1.79,68,1.79,1.0,38,1.0,38,,5.0,77.0,0,0,38.0,38,3420,401,,,34,25.9,,1997-1998
531,Leeds United,,,,,,,,,1.13,43,2.5,95,2.47,1.34,51,1.37,52,,5.0,76.0,1,2,38.0,38,3420,418,,,22,25.7,,1997-1998
532,Leicester City,,,,,,,,,1.05,40,2.39,91,2.29,1.24,47,1.34,51,,2.0,43.0,4,4,38.0,38,3420,418,,,22,26.6,,1997-1998
533,Liverpool,,,,,,,,,1.5,57,3.29,125,3.18,1.68,64,1.79,68,,2.0,52.0,4,5,38.0,38,3420,416,,,24,25.4,,1997-1998
534,Manchester Utd,,,,,,,,,1.5,57,3.29,125,3.21,1.71,65,1.79,68,,1.0,61.0,3,6,38.0,38,3420,418,,,29,26.3,,1997-1998
535,Newcastle Utd,,,,,,,,,0.66,25,1.58,60,1.55,0.89,34,0.92,35,,3.0,61.0,1,2,38.0,38,3420,411,,,26,27.2,,1997-1998
536,Sheffield Weds,,,,,,,,,1.16,44,2.5,95,2.42,1.26,48,1.34,51,,4.0,68.0,3,3,38.0,38,3420,430,,,34,27.7,,1997-1998
537,Southampton,,,,,,,,,0.97,37,2.24,85,2.11,1.13,43,1.26,48,,4.0,58.0,5,5,38.0,38,3420,413,,,31,27.5,,1997-1998
538,Tottenham,,,,,,,,,1.03,39,2.18,83,2.18,1.16,44,1.16,44,,2.0,56.0,0,2,38.0,38,3420,415,,,28,27.3,,1997-1998
539,West Ham,,,,,,,,,1.11,42,2.5,95,2.47,1.37,52,1.39,53,,5.0,62.0,1,1,38.0,38,3420,413,,,29,25.3,,1997-1998
540,Wimbledon,,,,,,,,,0.76,29,1.61,61,1.58,0.82,31,0.84,32,,2.0,56.0,1,1,38.0,38,3420,429,,,27,26.5,,1997-1998
541,Arsenal,,,,,,,,,0.95,36,2.5,95,2.29,1.34,51,1.55,59,,4.0,74.0,8,8,38.0,38,3420,402,,,28,29.3,,1996-1997
542,Aston Villa,,,,,,,,,0.84,32,2.05,78,1.95,1.11,42,1.21,46,,0.0,51.0,4,5,38.0,38,3420,418,,,21,25.4,,1996-1997
543,Blackburn,,,,,,,,,0.95,36,2.05,78,2.0,1.05,40,1.11,42,,1.0,72.0,2,3,38.0,38,3420,422,,,25,27.0,,1996-1997
544,Chelsea,,,,,,,,,1.24,47,2.71,103,2.61,1.37,52,1.47,56,,1.0,81.0,4,5,38.0,38,3420,414,,,31,28.1,,1996-1997
545,Coventry City,,,,,,,,,0.76,29,1.71,65,1.63,0.87,33,0.95,36,,4.0,64.0,3,3,38.0,38,3420,411,,,25,28.0,,1996-1997
546,Derby County,,,,,,,,,0.89,34,2.0,76,1.92,1.03,39,1.11,42,,1.0,60.0,3,4,38.0,38,3420,414,,,26,26.1,,1996-1997
547,Everton,,,,,,,,,0.95,36,2.13,81,2.03,1.08,41,1.18,45,,2.0,56.0,4,6,38.0,38,3420,430,,,26,27.1,,1996-1997
548,Leeds United,,,,,,,,,0.58,22,1.29,49,1.29,0.71,27,0.71,27,,1.0,89.0,0,1,38.0,38,3420,403,,,30,26.9,,1996-1997
549,Leicester City,,,,,,,,,0.76,29,1.92,73,1.84,1.08,41,1.16,44,,1.0,68.0,3,6,38.0,38,3420,424,,,24,26.4,,1996-1997
550,Liverpool,,,,,,,,,1.26,48,2.79,106,2.74,1.47,56,1.53,58,,1.0,51.0,2,3,38.0,38,3420,412,,,23,26.2,,1996-1997
551,Manchester Utd,,,,,,,,,1.24,47,3.08,117,2.97,1.74,66,1.84,70,,1.0,71.0,4,6,38.0,38,3420,413,,,23,25.8,,1996-1997
552,Middlesbrough,,,,,,,,,0.76,29,2.08,79,1.95,1.18,45,1.32,50,,3.0,90.0,5,8,38.0,38,3420,403,,,30,26.2,,1996-1997
553,Newcastle Utd,,,,,,,,,1.26,48,3.16,120,3.03,1.76,67,1.89,72,,1.0,74.0,5,7,38.0,38,3420,400,,,20,27.3,,1996-1997
554,Nott'ham Forest,,,,,,,,,0.58,22,1.39,53,1.34,0.76,29,0.82,31,,1.0,67.0,2,3,38.0,38,3420,415,,,29,27.9,,1996-1997
555,Sheffield Weds,,,,,,,,,0.76,29,2.08,79,2.03,1.26,48,1.32,50,,2.0,52.0,2,4,38.0,38,3420,418,,,24,26.6,,1996-1997
556,Southampton,,,,,,,,,0.97,37,2.21,84,2.05,1.08,41,1.24,47,,6.0,79.0,6,7,38.0,38,3420,416,,,31,25.9,,1996-1997
557,Sunderland,,,,,,,,,0.58,22,1.42,54,1.32,0.74,28,0.84,32,,5.0,50.0,4,6,38.0,38,3420,369,,,25,28.4,,1996-1997
558,Tottenham,,,,,,,,,0.84,32,1.97,75,1.92,1.08,41,1.13,43,,1.0,70.0,2,3,38.0,38,3420,415,,,26,26.7,,1996-1997
559,West Ham,,,,,,,,,0.92,35,1.97,75,1.84,0.92,35,1.05,40,,2.0,70.0,5,6,38.0,38,3420,412,,,32,27.9,,1996-1997
560,Wimbledon,,,,,,,,,0.95,36,2.21,84,2.21,1.26,48,1.26,48,,1.0,51.0,0,1,38.0,38,3420,418,,,24,26.6,,1996-1997
561,Arsenal,,,,,,,,,0.92,35,2.21,84,2.13,1.21,46,1.29,49,,2.0,62.0,3,5,38.0,38,3420,418,,,25,28.8,,1995-1996
562,Aston Villa,,,,,,,,,0.97,37,2.26,86,2.21,1.24,47,1.29,49,,2.0,46.0,2,2,38.0,38,3420,415,,,24,25.3,,1995-1996
563,Blackburn,,,,,,,,,1.18,45,2.76,105,2.68,1.5,57,1.58,60,,4.0,66.0,3,3,38.0,38,3420,427,,,26,26.6,,1995-1996
564,Bolton,,,,,,,,,0.71,27,1.74,66,1.66,0.95,36,1.03,39,,3.0,64.0,3,3,38.0,38,3420,418,,,28,27.1,,1995-1996
565,Chelsea,,,,,,,,,0.89,34,2.08,79,2.0,1.11,42,1.18,45,,3.0,65.0,3,4,38.0,38,3420,434,,,25,27.5,,1995-1996
566,Coventry City,,,,,,,,,0.82,31,1.92,73,1.89,1.08,41,1.11,42,,3.0,62.0,1,2,38.0,38,3420,422,,,26,27.1,,1995-1996
567,Everton,,,,,,,,,1.18,45,2.84,108,2.74,1.55,59,1.66,63,,3.0,64.0,4,4,38.0,38,3420,423,,,24,27.7,,1995-1996
568,Leeds United,,,,,,,,,0.74,28,1.74,66,1.68,0.95,36,1.0,38,,4.0,59.0,2,3,38.0,38,3420,403,,,31,27.1,,1995-1996
569,Liverpool,,,,,,,,,1.42,54,3.21,122,3.18,1.76,67,1.79,68,,0.0,39.0,1,1,38.0,38,3420,421,,,19,25.7,,1995-1996
570,Manchester City,,,,,,,,,0.68,26,1.55,59,1.53,0.84,32,0.87,33,,6.0,67.0,1,2,38.0,38,3420,386,,,27,26.1,,1995-1996
571,Manchester Utd,,,,,,,,,1.63,62,3.53,134,3.42,1.79,68,1.89,72,,3.0,50.0,4,4,38.0,38,3420,422,,,23,25.5,,1995-1996
572,Middlesbrough,,,,,,,,,0.71,27,1.61,61,1.53,0.82,31,0.89,34,,3.0,72.0,3,4,38.0,38,3420,418,,,30,26.0,,1995-1996
573,Newcastle Utd,,,,,,,,,1.42,54,3.21,122,3.13,1.71,65,1.79,68,,1.0,47.0,3,4,38.0,38,3420,401,,,22,27.0,,1995-1996
574,Nott'ham Forest,,,,,,,,,0.92,35,2.18,83,2.11,1.18,45,1.26,48,,2.0,46.0,3,3,38.0,38,3420,407,,,22,26.0,,1995-1996
575,QPR,,,,,,,,,0.87,33,1.84,70,1.84,0.97,37,0.97,37,,4.0,75.0,0,1,38.0,38,3420,419,,,27,26.2,,1995-1996
576,Sheffield Weds,,,,,,,,,0.97,37,2.24,85,2.13,1.16,44,1.26,48,,1.0,37.0,4,4,38.0,38,3420,401,,,28,27.9,,1995-1996
577,Southampton,,,,,,,,,0.55,21,1.42,54,1.32,0.76,29,0.87,33,,2.0,62.0,4,4,38.0,38,3420,417,,,25,26.2,,1995-1996
578,Tottenham,,,,,,,,,1.0,38,2.24,85,2.18,1.18,45,1.24,47,,0.0,52.0,2,2,38.0,38,3420,424,,,23,27.4,,1995-1996
579,West Ham,,,,,,,,,0.76,29,1.89,72,1.76,1.0,38,1.13,43,,4.0,51.0,5,6,38.0,38,3420,422,,,31,28.2,,1995-1996
580,Wimbledon,,,,,,,,,1.03,39,2.45,93,2.39,1.37,52,1.42,54,,7.0,55.0,2,2,38.0,38,3420,421,,,30,27.0,,1995-1996
581,Arsenal,,,,,,,,,0.98,41,2.26,95,2.19,1.21,51,1.29,54,,4.0,60.0,3,4,42.0,42,3780,471,,,30,27.7,,1994-1995
582,Aston Villa,,,,,,,,,0.93,39,2.07,87,2.05,1.12,47,1.14,48,,3.0,59.0,1,1,42.0,42,3780,423,,,25,27.5,,1994-1995
583,Blackburn,,,,,,,,,1.38,58,3.24,136,3.0,1.62,68,1.86,78,,4.0,50.0,10,12,42.0,42,3780,482,,,21,25.5,,1994-1995
584,Chelsea,,,,,,,,,0.93,39,2.05,86,2.02,1.1,46,1.12,47,,3.0,56.0,1,2,42.0,42,3780,456,,,23,26.4,,1994-1995
585,Coventry City,,,,,,,,,0.86,36,1.86,78,1.74,0.88,37,1.0,42,,3.0,52.0,5,5,42.0,42,3780,500,,,29,27.7,,1994-1995
586,Crystal Palace,,,,,,,,,0.52,22,1.31,55,1.29,0.76,32,0.79,33,,1.0,56.0,1,3,42.0,42,3780,436,,,24,25.5,,1994-1995
587,Everton,,,,,,,,,0.93,39,1.95,82,1.93,1.0,42,1.02,43,,6.0,70.0,1,3,42.0,42,3780,466,,,26,27.0,,1994-1995
588,Ipswich Town,,,,,,,,,0.5,21,1.14,48,1.07,0.57,24,0.64,27,,2.0,51.0,3,3,42.0,42,3780,405,,,32,28.1,,1994-1995
589,Leeds United,,,,,,,,,1.1,46,2.43,102,2.36,1.26,53,1.33,56,,0.0,70.0,3,4,42.0,42,3780,458,,,20,26.8,,1994-1995
590,Leicester City,,,,,,,,,0.64,27,1.74,73,1.74,1.1,46,1.1,46,,8.0,62.0,0,1,42.0,42,3780,467,,,30,26.2,,1994-1995
591,Liverpool,,,,,,,,,1.1,46,2.52,106,2.4,1.31,55,1.43,60,,1.0,43.0,5,6,42.0,42,3780,463,,,21,25.4,,1994-1995
592,Manchester City,,,,,,,,,1.1,46,2.36,99,2.33,1.24,52,1.26,53,,5.0,62.0,1,2,42.0,42,3780,459,,,26,26.8,,1994-1995
593,Manchester Utd,,,,,,,,,1.38,58,3.19,134,3.1,1.71,72,1.81,76,,3.0,59.0,4,4,42.0,42,3780,460,,,24,26.8,,1994-1995
594,Newcastle Utd,,,,,,,,,1.29,54,2.86,120,2.76,1.48,62,1.57,66,,4.0,48.0,4,5,42.0,42,3780,463,,,22,26.4,,1994-1995
595,Norwich City,,,,,,,,,0.64,27,1.38,58,1.33,0.69,29,0.74,31,,1.0,68.0,2,3,42.0,42,3780,445,,,24,25.8,,1994-1995
596,Nott'ham Forest,,,,,,,,,1.62,68,3.31,139,3.19,1.57,66,1.69,71,,1.0,58.0,5,6,42.0,42,3780,462,,,20,25.7,,1994-1995
597,QPR,,,,,,,,,1.12,47,2.55,107,2.55,1.43,60,1.43,60,,4.0,70.0,0,1,42.0,42,3780,461,,,22,26.8,,1994-1995
598,Sheffield Weds,,,,,,,,,0.81,34,1.95,82,1.93,1.12,47,1.14,48,,2.0,54.0,1,2,42.0,42,3780,463,,,24,26.8,,1994-1995
599,Southampton,,,,,,,,,0.86,36,2.31,97,2.24,1.38,58,1.45,61,,0.0,70.0,3,3,42.0,42,3780,441,,,26,25.6,,1994-1995
600,Tottenham,,,,,,,,,1.17,49,2.64,111,2.6,1.43,60,1.48,62,,2.0,46.0,2,3,42.0,42,3780,458,,,24,26.0,,1994-1995
601,West Ham,,,,,,,,,0.76,32,1.81,76,1.69,0.93,39,1.05,44,,4.0,66.0,5,5,42.0,42,3780,461,,,26,28.0,,1994-1995
602,Wimbledon,,,,,,,,,0.81,34,1.76,74,1.69,0.88,37,0.95,40,,6.0,70.0,3,4,42.0,42,3780,414,,,25,26.7,,1994-1995
603,Arsenal,,,,,,,,,0.64,27,1.83,77,1.74,1.1,46,1.19,50,,1.0,34.0,4,5,42.0,42,3780,452,,,22,27.6,,1993-1994
604,Aston Villa,,,,,,,,,0.67,28,1.74,73,1.67,1.0,42,1.07,45,,1.0,22.0,3,3,42.0,42,3780,458,,,25,27.5,,1993-1994
605,Blackburn,,,,,,,,,1.0,42,2.5,105,2.43,1.43,60,1.5,63,,0.0,29.0,3,4,42.0,42,3780,481,,,22,25.4,,1993-1994
606,Chelsea,,,,,,,,,0.67,28,1.88,79,1.81,1.14,48,1.21,51,,2.0,27.0,3,5,42.0,42,3780,481,,,25,25.7,,1993-1994
607,Coventry City,,,,,,,,,0.6,25,1.62,68,1.55,0.95,40,1.02,43,,0.0,14.0,3,5,42.0,42,3780,466,,,27,26.1,,1993-1994
608,Everton,,,,,,,,,0.55,23,1.57,66,1.5,0.95,40,1.02,43,,0.0,34.0,3,4,42.0,42,3780,467,,,22,27.6,,1993-1994
609,Ipswich Town,,,,,,,,,0.45,19,1.19,50,1.14,0.69,29,0.74,31,,0.0,24.0,2,3,42.0,42,3780,441,,,21,27.9,,1993-1994
610,Leeds United,,,,,,,,,0.9,38,2.4,101,2.38,1.48,62,1.5,63,,0.0,36.0,1,2,42.0,42,3780,468,,,25,26.3,,1993-1994
611,Liverpool,,,,,,,,,0.83,35,2.12,89,2.0,1.17,49,1.29,54,,1.0,31.0,5,7,42.0,42,3780,465,,,23,26.5,,1993-1994
612,Manchester City,,,,,,,,,0.36,15,1.19,50,1.17,0.81,34,0.83,35,,0.0,34.0,1,2,42.0,42,3780,433,,,31,26.0,,1993-1994
613,Manchester Utd,,,,,,,,,1.31,55,3.19,134,3.12,1.81,76,1.88,79,,2.0,31.0,3,3,42.0,42,3780,468,,,23,27.1,,1993-1994
614,Newcastle Utd,,,,,,,,,1.19,50,3.1,130,2.88,1.69,71,1.9,80,,1.0,21.0,9,10,42.0,42,3780,440,,,25,25.9,,1993-1994
615,Norwich City,,,,,,,,,0.93,39,2.45,103,2.43,1.5,63,1.52,64,,2.0,25.0,1,1,42.0,42,3780,470,,,24,27.1,,1993-1994
616,Oldham Athletic,,,,,,,,,0.6,25,1.55,65,1.52,0.93,39,0.95,40,,4.0,32.0,1,2,42.0,42,3780,453,,,27,26.2,,1993-1994
617,QPR,,,,,,,,,0.88,37,2.31,97,2.19,1.31,55,1.43,60,,3.0,27.0,5,6,42.0,42,3780,461,,,22,27.3,,1993-1994
618,Sheffield Utd,,,,,,,,,0.62,26,1.6,67,1.6,0.98,41,0.98,41,,4.0,38.0,0,0,42.0,42,3780,447,,,27,26.3,,1993-1994
619,Sheffield Weds,,,,,,,,,1.12,47,2.81,118,2.76,1.64,69,1.69,71,,2.0,21.0,2,3,42.0,42,3780,450,,,26,26.8,,1993-1994
620,Southampton,,,,,,,,,0.71,30,1.9,80,1.74,1.02,43,1.19,50,,1.0,40.0,7,7,42.0,42,3780,438,,,30,27.0,,1993-1994
621,Swindon Town,,,,,,,,,0.67,28,1.74,73,1.57,0.9,38,1.07,45,,1.0,38.0,7,8,42.0,42,3780,464,,,24,27.4,,1993-1994
622,Tottenham,,,,,,,,,0.74,31,2.0,84,1.95,1.21,51,1.26,53,,1.0,23.0,2,4,42.0,42,3780,485,,,30,25.3,,1993-1994
623,West Ham,,,,,,,,,0.69,29,1.74,73,1.69,1.0,42,1.05,44,,1.0,22.0,2,3,42.0,42,3780,424,,,24,28.4,,1993-1994
624,Wimbledon,,,,,,,,,0.67,28,1.83,77,1.81,1.14,48,1.17,49,,0.0,38.0,1,2,42.0,42,3780,440,,,24,26.4,,1993-1994
625,Arsenal,,,,,,,,,0.81,34,1.76,74,1.76,0.95,40,0.95,40,,1.0,34.0,0,0,42.0,42,3780,462,,,29,26.4,,1992-1993
626,Aston Villa,,,,,,,,,0.98,41,2.31,97,2.26,1.29,54,1.33,56,,0.0,23.0,2,3,42.0,42,3780,462,,,24,27.0,,1992-1993
627,Blackburn,,,,,,,,,1.24,52,2.81,118,2.74,1.5,63,1.57,66,,3.0,37.0,3,4,42.0,42,3780,480,,,24,26.0,,1992-1993
628,Chelsea,,,,,,,,,0.95,40,2.14,90,2.12,1.17,49,1.19,50,,2.0,41.0,1,1,42.0,42,3780,452,,,31,26.3,,1992-1993
629,Coventry City,,,,,,,,,0.64,27,1.79,75,1.74,1.1,46,1.14,48,,1.0,31.0,2,3,42.0,42,3780,453,,,30,26.4,,1992-1993
630,Crystal Palace,,,,,,,,,0.71,30,1.79,75,1.79,1.07,45,1.07,45,,3.0,27.0,0,1,42.0,42,3780,457,,,23,25.1,,1992-1993
631,Everton,,,,,,,,,0.79,33,2.0,84,1.9,1.12,47,1.21,51,,3.0,26.0,4,4,42.0,42,3780,462,,,26,27.9,,1992-1993
632,Ipswich Town,,,,,,,,,0.69,29,1.88,79,1.79,1.1,46,1.19,50,,1.0,31.0,4,5,42.0,42,3780,462,,,22,27.5,,1992-1993
633,Leeds United,,,,,,,,,0.83,35,2.14,90,2.02,1.19,50,1.31,55,,0.0,40.0,5,5,42.0,42,3780,461,,,30,27.0,,1992-1993
634,Liverpool,,,,,,,,,1.07,45,2.52,106,2.33,1.26,53,1.45,61,,3.0,26.0,8,9,42.0,42,3780,462,,,25,25.7,,1992-1993
635,Manchester City,,,,,,,,,1.0,42,2.26,95,2.19,1.19,50,1.26,53,,1.0,43.0,3,4,42.0,42,3780,461,,,23,26.3,,1992-1993
636,Manchester Utd,,,,,,,,,0.83,35,2.4,101,2.36,1.52,64,1.57,66,,0.0,28.0,2,2,42.0,42,3780,461,,,20,26.6,,1992-1993
637,Middlesbrough,,,,,,,,,0.93,39,2.1,88,2.07,1.14,48,1.17,49,,2.0,42.0,1,2,42.0,42,3780,468,,,26,26.6,,1992-1993
638,Norwich City,,,,,,,,,1.02,43,2.4,101,2.33,1.31,55,1.38,58,,0.0,19.0,3,4,42.0,42,3780,455,,,20,26.4,,1992-1993
639,Nott'ham Forest,,,,,,,,,0.71,30,1.69,71,1.6,0.88,37,0.98,41,,1.0,22.0,4,5,42.0,42,3780,458,,,23,25.1,,1992-1993
640,Oldham Athletic,,,,,,,,,1.0,42,2.45,103,2.43,1.43,60,1.45,61,,0.0,35.0,1,2,42.0,42,3780,466,,,24,25.5,,1992-1993
641,QPR,,,,,,,,,1.07,45,2.52,106,2.45,1.38,58,1.45,61,,0.0,30.0,3,4,42.0,42,3780,455,,,23,26.6,,1992-1993
642,Sheffield Utd,,,,,,,,,0.86,36,2.05,86,2.02,1.17,49,1.19,50,,4.0,53.0,1,2,42.0,42,3780,440,,,23,25.8,,1992-1993
643,Sheffield Weds,,,,,,,,,0.95,40,2.24,94,2.17,1.21,51,1.29,54,,1.0,31.0,3,3,42.0,42,3780,463,,,25,27.8,,1992-1993
644,Southampton,,,,,,,,,0.9,38,2.19,92,2.14,1.24,52,1.29,54,,3.0,51.0,2,2,42.0,42,3780,455,,,25,26.3,,1992-1993
645,Tottenham,,,,,,,,,0.79,33,2.17,91,2.17,1.38,58,1.38,58,,1.0,36.0,0,0,42.0,42,3780,454,,,31,24.9,,1992-1993
646,Wimbledon,,,,,,,,,0.95,40,2.24,94,2.19,1.24,52,1.29,54,,3.0,48.0,2,3,42.0,42,3780,452,,,27,25.9,,1992-1993
